-- phpMyAdmin SQL Dump
-- version 3.4.10.1
-- http://www.phpmyadmin.net
--
-- Host: localhost
-- Generation Time: Oct 12, 2012 at 12:53 PM
-- Server version: 5.5.20
-- PHP Version: 5.3.10

SET SQL_MODE="NO_AUTO_VALUE_ON_ZERO";
SET time_zone = "+00:00";


/*!40101 SET @OLD_CHARACTER_SET_CLIENT=@@CHARACTER_SET_CLIENT */;
/*!40101 SET @OLD_CHARACTER_SET_RESULTS=@@CHARACTER_SET_RESULTS */;
/*!40101 SET @OLD_COLLATION_CONNECTION=@@COLLATION_CONNECTION */;
/*!40101 SET NAMES utf8 */;

--
-- Database: `zorkif_sooqna`
--

-- --------------------------------------------------------

--
-- Table structure for table `careers`
--

DROP TABLE IF EXISTS `careers`;
CREATE TABLE IF NOT EXISTS `careers` (
  `CareerID` bigint(20) NOT NULL AUTO_INCREMENT,
  `FirstName` varchar(80) COLLATE utf8_unicode_ci NOT NULL,
  `LastName` varchar(80) COLLATE utf8_unicode_ci NOT NULL,
  `Email` varchar(80) COLLATE utf8_unicode_ci NOT NULL,
  `Phone` varchar(80) COLLATE utf8_unicode_ci NOT NULL,
  `Fax` varchar(80) COLLATE utf8_unicode_ci NOT NULL,
  `Address` varchar(80) COLLATE utf8_unicode_ci NOT NULL,
  `CurrentEmployer` varchar(80) COLLATE utf8_unicode_ci NOT NULL,
  `CurrentPosition` varchar(80) COLLATE utf8_unicode_ci NOT NULL,
  `CurrentSalery` varchar(80) COLLATE utf8_unicode_ci NOT NULL,
  `Experiance` varchar(80) COLLATE utf8_unicode_ci NOT NULL,
  `CVFileName` varchar(150) COLLATE utf8_unicode_ci NOT NULL,
  `Vacancies` varchar(200) COLLATE utf8_unicode_ci NOT NULL,
  PRIMARY KEY (`CareerID`)
) ENGINE=MyISAM  DEFAULT CHARSET=utf8 COLLATE=utf8_unicode_ci COMMENT='Careers Form Filled by Online User.' AUTO_INCREMENT=12 ;

--
-- Dumping data for table `careers`
--

INSERT INTO `careers` (`CareerID`, `FirstName`, `LastName`, `Email`, `Phone`, `Fax`, `Address`, `CurrentEmployer`, `CurrentPosition`, `CurrentSalery`, `Experiance`, `CVFileName`, `Vacancies`) VALUES
(11, 'Kifayat', 'Ullah', 'kifayat@zorkif.com', '0545883076', '014014634', 'Riyadh , Dabab Street', 'ZTC', 'Network Administrator', '6000', '10 Years', 'Saturday02ndJune2012044527PM_Access-Control-System-Fingerprint-Access-Control.jpg', 'Network Engineer');

-- --------------------------------------------------------

--
-- Table structure for table `company_informaiton`
--

DROP TABLE IF EXISTS `company_informaiton`;
CREATE TABLE IF NOT EXISTS `company_informaiton` (
  `CompanyID` int(10) unsigned NOT NULL AUTO_INCREMENT,
  `CompanyName` varchar(100) COLLATE utf8_unicode_ci NOT NULL,
  `AddressLine1` varchar(100) COLLATE utf8_unicode_ci NOT NULL,
  `AddressLine2` varchar(100) COLLATE utf8_unicode_ci NOT NULL,
  `City` varchar(100) COLLATE utf8_unicode_ci NOT NULL,
  `Country` varchar(100) COLLATE utf8_unicode_ci NOT NULL,
  `Phone` varchar(45) COLLATE utf8_unicode_ci NOT NULL,
  `Email` varchar(80) COLLATE utf8_unicode_ci NOT NULL,
  `WebSite` varchar(100) COLLATE utf8_unicode_ci NOT NULL,
  `ContactPerson` varchar(45) COLLATE utf8_unicode_ci NOT NULL,
  PRIMARY KEY (`CompanyID`)
) ENGINE=InnoDB  DEFAULT CHARSET=utf8 COLLATE=utf8_unicode_ci AUTO_INCREMENT=2 ;

--
-- Dumping data for table `company_informaiton`
--

INSERT INTO `company_informaiton` (`CompanyID`, `CompanyName`, `AddressLine1`, `AddressLine2`, `City`, `Country`, `Phone`, `Email`, `WebSite`, `ContactPerson`) VALUES
(1, 'Zorkif Technology Center', 'Office 104 Rafay''s Heights Plaza', 'Abdara Road, University Town', 'Peshawar', 'Pakistan', '+92 333 92 85 904', 'kifayat@zorkif.com', 'http://www.zorkif.com', 'Kifayat Ullah KhaN');

-- --------------------------------------------------------

--
-- Table structure for table `country_names`
--

DROP TABLE IF EXISTS `country_names`;
CREATE TABLE IF NOT EXISTS `country_names` (
  `CountryID` int(11) NOT NULL AUTO_INCREMENT,
  `CountryName` varchar(80) COLLATE utf8_unicode_ci NOT NULL,
  PRIMARY KEY (`CountryID`)
) ENGINE=MyISAM  DEFAULT CHARSET=utf8 COLLATE=utf8_unicode_ci AUTO_INCREMENT=248 ;

--
-- Dumping data for table `country_names`
--

INSERT INTO `country_names` (`CountryID`, `CountryName`) VALUES
(1, 'Select your country name'),
(2, 'Afghanistan (افغانستان)'),
(3, 'Aland Islands'),
(4, 'Albania (Shqipëria)'),
(5, 'Algeria (الجزائر)'),
(6, 'American Samoa'),
(7, 'Andorra'),
(8, 'Angola'),
(9, 'Anguilla'),
(10, 'Antarctica'),
(11, 'Antigua and Barbuda'),
(12, 'Argentina'),
(13, 'Armenia (Հայաստան)'),
(14, 'Aruba'),
(15, 'Australia'),
(16, 'Austria (Österreich)'),
(17, 'Azerbaijan (Azərbaycan)'),
(18, 'Bahamas'),
(19, 'Bahrain (البحرين)'),
(20, 'Bangladesh (বাংলাদেশ)'),
(21, 'Barbados'),
(22, 'Belarus (Белару́сь)'),
(23, 'Belgium (België)'),
(24, 'Belize'),
(25, 'Benin (Bénin)'),
(26, 'Bermuda'),
(27, 'Bhutan (འབྲུག་ཡུལ)'),
(28, 'Bolivia'),
(29, 'Bosnia and Herzegovina (Bosna i Hercegovina)'),
(30, 'Botswana'),
(31, 'Bouvet Island'),
(32, 'Brazil (Brasil)'),
(33, 'British Indian Ocean Territory'),
(34, 'Brunei (Brunei Darussalam)'),
(35, 'Bulgaria (България)'),
(36, 'Burkina Faso'),
(37, 'Burundi (Uburundi)'),
(38, 'Cambodia (Kampuchea)'),
(39, 'Cameroon (Cameroun)'),
(40, 'Canada'),
(41, 'Cape Verde (Cabo Verde)'),
(42, 'Cayman Islands'),
(43, 'Central African Republic (République Centrafricaine)'),
(44, 'Chad (Tchad)'),
(45, 'Chile'),
(46, 'China (中国)'),
(47, 'Christmas Island'),
(48, 'Cocos Islands'),
(49, 'Colombia'),
(50, 'Comoros (Comores)'),
(51, 'Congo'),
(52, 'Congo, Democratic Republic of the'),
(53, 'Cook Islands'),
(54, 'Costa Rica'),
(55, 'Côte d&#39;Ivoire'),
(56, 'Croatia (Hrvatska)'),
(57, 'Cuba'),
(58, 'Cyprus (Κυπρος)'),
(59, 'Czech Republic (Česko)'),
(60, 'Denmark (Danmark)'),
(61, 'Djibouti'),
(62, 'Dominica'),
(63, 'Dominican Republic'),
(64, 'Ecuador'),
(65, 'Egypt (مصر)'),
(66, 'El Salvador'),
(67, 'Equatorial Guinea (Guinea Ecuatorial)'),
(68, 'Eritrea (Ertra)'),
(69, 'Estonia (Eesti)'),
(70, 'Ethiopia (Ityop&#39;iya)'),
(71, 'Falkland Islands'),
(72, 'Faroe Islands'),
(73, 'Fiji'),
(74, 'Finland (Suomi)'),
(75, 'France'),
(76, 'French Guiana'),
(77, 'French Polynesia'),
(78, 'French Southern Territories'),
(79, 'Gabon'),
(80, 'Gambia'),
(81, 'Georgia (საქართველო)'),
(82, 'Germany (Deutschland)'),
(83, 'Ghana'),
(84, 'Gibraltar'),
(85, 'Greece (Ελλάς)'),
(86, 'Greenland'),
(87, 'Grenada'),
(88, 'Guadeloupe'),
(89, 'Guam'),
(90, 'Guatemala'),
(91, 'Guernsey'),
(92, 'Guinea (Guinée)'),
(93, 'Guinea-Bissau (Guiné-Bissau)'),
(94, 'Guyana'),
(95, 'Haiti (Haïti)'),
(96, 'Heard Island and McDonald Islands'),
(97, 'Honduras'),
(98, 'Hong Kong'),
(99, 'Hungary (Magyarország)'),
(100, 'Iceland (Ísland)'),
(101, 'India'),
(102, 'Indonesia'),
(103, 'Iran (ایران)'),
(104, 'Iraq (العراق)'),
(105, 'Ireland'),
(106, 'Isle of Man'),
(107, 'Israel (ישראל)'),
(108, 'Italy (Italia)'),
(109, 'Jamaica'),
(110, 'Japan (日本)'),
(111, 'Jersey'),
(112, 'Jordan (الاردن)'),
(113, 'Kazakhstan (Қазақстан)'),
(114, 'Kenya'),
(115, 'Kiribati'),
(116, 'Kuwait (الكويت)'),
(117, 'Kyrgyzstan (Кыргызстан)'),
(118, 'Laos (ນລາວ)'),
(119, 'Latvia (Latvija)'),
(120, 'Lebanon (لبنان)'),
(121, 'Lesotho'),
(122, 'Liberia'),
(123, 'Libya (ليبيا)'),
(124, 'Liechtenstein'),
(125, 'Lithuania (Lietuva)'),
(126, 'Luxembourg (Lëtzebuerg)'),
(127, 'Macao'),
(128, 'Macedonia (Македонија)'),
(129, 'Madagascar (Madagasikara)'),
(130, 'Malawi'),
(131, 'Malaysia'),
(132, 'Maldives (ގުޖޭއްރާ ޔާއްރިހޫމްޖ)'),
(133, 'Mali'),
(134, 'Malta'),
(135, 'Marshall Islands'),
(136, 'Martinique'),
(137, 'Mauritania (موريتانيا)'),
(138, 'Mauritius'),
(139, 'Mayotte'),
(140, 'Mexico (México)'),
(141, 'Micronesia'),
(142, 'Moldova'),
(143, 'Monaco'),
(144, 'Mongolia (Монгол Улс)'),
(145, 'Montenegro (Црна Гора)'),
(146, 'Montserrat'),
(147, 'Morocco (المغرب)'),
(148, 'Mozambique (Moçambique)'),
(149, 'Myanmar (Burma)'),
(150, 'Namibia'),
(151, 'Nauru (Naoero)'),
(152, 'Nepal (नेपाल)'),
(153, 'Netherlands (Nederland)'),
(154, 'Netherlands Antilles'),
(155, 'New Caledonia'),
(156, 'New Zealand'),
(157, 'Nicaragua'),
(158, 'Niger'),
(159, 'Nigeria'),
(160, 'Niue'),
(161, 'Norfolk Island'),
(162, 'Northern Mariana Islands'),
(163, 'North Korea (조선)'),
(164, 'Norway (Norge)'),
(165, 'Oman (عمان)'),
(166, 'Pakistan (پاکستان)'),
(167, 'Palau (Belau)'),
(168, 'Palestinian Territories'),
(169, 'Panama (Panamá)'),
(170, 'Papua New Guinea'),
(171, 'Paraguay'),
(172, 'Peru (Perú)'),
(173, 'Philippines (Pilipinas)'),
(174, 'Pitcairn'),
(175, 'Poland (Polska)'),
(176, 'Portugal'),
(177, 'Puerto Rico'),
(178, 'Qatar (قطر)'),
(179, 'Reunion'),
(180, 'Romania (România)'),
(181, 'Russia (Россия)'),
(182, 'Rwanda'),
(183, 'Saint Helena'),
(184, 'Saint Kitts and Nevis'),
(185, 'Saint Lucia'),
(186, 'Saint Pierre and Miquelon'),
(187, 'Saint Vincent and the Grenadines'),
(188, 'Samoa'),
(189, 'San Marino'),
(190, 'São Tomé and Príncipe'),
(191, 'Saudi Arabia (المملكة العربية السعودية)'),
(192, 'Senegal (Sénégal)'),
(193, 'Serbia (Србија)'),
(194, 'Serbia and Montenegro (Србија и Црна Гора)'),
(195, 'Seychelles'),
(196, 'Sierra Leone'),
(197, 'Singapore (Singapura)'),
(198, 'Slovakia (Slovensko)'),
(199, 'Slovenia (Slovenija)'),
(200, 'Solomon Islands'),
(201, 'Somalia (Soomaaliya)'),
(202, 'South Africa'),
(203, 'South Georgia and the South Sandwich Islands'),
(204, 'South Korea (한국)'),
(205, 'Spain (España)'),
(206, 'Sri Lanka'),
(207, 'Sudan (السودان)'),
(208, 'Suriname'),
(209, 'Svalbard and Jan Mayen'),
(210, 'Swaziland'),
(211, 'Sweden (Sverige)'),
(212, 'Switzerland (Schweiz)'),
(213, 'Syria (سوريا)'),
(214, 'Taiwan (台灣)'),
(215, 'Tajikistan (Тоҷикистон)'),
(216, 'Tanzania'),
(217, 'Thailand (ราชอาณาจักรไทย)'),
(218, 'Timor-Leste'),
(219, 'Togo'),
(220, 'Tokelau'),
(221, 'Tonga'),
(222, 'Trinidad and Tobago'),
(223, 'Tunisia (تونس)'),
(224, 'Turkey (Türkiye)'),
(225, 'Turkmenistan (Türkmenistan)'),
(226, 'Turks and Caicos Islands'),
(227, 'Tuvalu'),
(228, 'Uganda'),
(229, 'Ukraine (Україна)'),
(230, 'United Arab Emirates (الإمارات العربيّة المتّحدة)'),
(231, 'United Kingdom'),
(232, 'United States'),
(233, 'United States minor outlying islands'),
(234, 'Uruguay'),
(235, 'Uzbekistan (O&#39;zbekiston)'),
(236, 'Vanuatu'),
(237, 'Vatican City (Città del Vaticano)'),
(238, 'Venezuela'),
(239, 'Vietnam (Việt Nam)'),
(240, 'Virgin Islands, British'),
(241, 'Virgin Islands, U.S.'),
(242, 'Wallis and Futuna'),
(243, 'Western Sahara (الصحراء الغربية)'),
(244, 'Yemen (اليمن)'),
(245, 'Zambia'),
(246, 'Zimbabwe');

-- --------------------------------------------------------

--
-- Table structure for table `feedback`
--

DROP TABLE IF EXISTS `feedback`;
CREATE TABLE IF NOT EXISTS `feedback` (
  `FeedbackID` bigint(20) NOT NULL AUTO_INCREMENT,
  `YourName` varchar(50) COLLATE utf8_unicode_ci NOT NULL,
  `YourEmail` varchar(50) COLLATE utf8_unicode_ci NOT NULL DEFAULT 'N/A',
  `YourPhone` varchar(50) COLLATE utf8_unicode_ci NOT NULL DEFAULT 'N/A',
  `YourCompany` varchar(80) COLLATE utf8_unicode_ci DEFAULT 'N/A',
  `Country` varchar(80) COLLATE utf8_unicode_ci DEFAULT 'Saudi Arabia',
  `HowDidYouFindUs` varchar(100) COLLATE utf8_unicode_ci DEFAULT 'N/A',
  `Comments` varchar(250) COLLATE utf8_unicode_ci NOT NULL,
  `OtherField1` varchar(80) COLLATE utf8_unicode_ci DEFAULT NULL,
  `OtherField2` varchar(80) COLLATE utf8_unicode_ci DEFAULT NULL,
  `OtherField3` varchar(80) COLLATE utf8_unicode_ci DEFAULT NULL,
  `OtherField4` varchar(80) COLLATE utf8_unicode_ci DEFAULT NULL,
  `OtherField5` varchar(80) COLLATE utf8_unicode_ci DEFAULT NULL,
  `OtherField6` varchar(80) COLLATE utf8_unicode_ci DEFAULT NULL,
  `OtherField7` varchar(80) COLLATE utf8_unicode_ci DEFAULT NULL,
  PRIMARY KEY (`FeedbackID`)
) ENGINE=MyISAM  DEFAULT CHARSET=utf8 COLLATE=utf8_unicode_ci COMMENT='Feed Back Comments' AUTO_INCREMENT=11 ;

--
-- Dumping data for table `feedback`
--

INSERT INTO `feedback` (`FeedbackID`, `YourName`, `YourEmail`, `YourPhone`, `YourCompany`, `Country`, `HowDidYouFindUs`, `Comments`, `OtherField1`, `OtherField2`, `OtherField3`, `OtherField4`, `OtherField5`, `OtherField6`, `OtherField7`) VALUES
(8, 'kifayat ullah', 'kifayat.khan@yahoo.com', '0545883076', 'N/A', 'Pakistan', NULL, 'test', 'YES', 'NO', 'NO', 'NO', 'Very Good', 'NO', 'N/A');

-- --------------------------------------------------------

--
-- Table structure for table `news`
--

DROP TABLE IF EXISTS `news`;
CREATE TABLE IF NOT EXISTS `news` (
  `NewsID` bigint(20) NOT NULL AUTO_INCREMENT,
  `NewsTitle` varchar(80) COLLATE utf8_unicode_ci NOT NULL,
  `NewsText` text COLLATE utf8_unicode_ci NOT NULL,
  `Dated` date NOT NULL,
  `Username` varchar(50) COLLATE utf8_unicode_ci NOT NULL,
  `Language` varchar(3) COLLATE utf8_unicode_ci NOT NULL DEFAULT 'en',
  PRIMARY KEY (`NewsID`)
) ENGINE=MyISAM  DEFAULT CHARSET=utf8 COLLATE=utf8_unicode_ci AUTO_INCREMENT=23 ;

--
-- Dumping data for table `news`
--

INSERT INTO `news` (`NewsID`, `NewsTitle`, `NewsText`, `Dated`, `Username`, `Language`) VALUES
(21, 'Welcome to Sooqna', 'Welcome to Sooqna.com', '2012-05-10', 'administrator', 'en'),
(22, 'سوقنا', 'سوقنا', '2012-07-09', 'administrator', 'ar');

-- --------------------------------------------------------

--
-- Table structure for table `system_config`
--

DROP TABLE IF EXISTS `system_config`;
CREATE TABLE IF NOT EXISTS `system_config` (
  `Sys_Config_ID` int(11) NOT NULL AUTO_INCREMENT,
  `ShowGalleryLink` tinyint(4) NOT NULL DEFAULT '0' COMMENT 'To show the Picture Gallery Link on the Home Page',
  `ShowDownloadLink` tinyint(4) NOT NULL DEFAULT '0' COMMENT 'To Show the Download Link on the Home Page',
  `ShowCompanyInformation` tinyint(4) NOT NULL DEFAULT '0' COMMENT 'Show Company Information in the Footer or other Designated Area of the Page',
  PRIMARY KEY (`Sys_Config_ID`)
) ENGINE=MyISAM  DEFAULT CHARSET=utf8 COLLATE=utf8_unicode_ci COMMENT='System Level Configuration' AUTO_INCREMENT=2 ;

--
-- Dumping data for table `system_config`
--

INSERT INTO `system_config` (`Sys_Config_ID`, `ShowGalleryLink`, `ShowDownloadLink`, `ShowCompanyInformation`) VALUES
(1, 0, 0, 0);

-- --------------------------------------------------------

--
-- Table structure for table `testimonials`
--

DROP TABLE IF EXISTS `testimonials`;
CREATE TABLE IF NOT EXISTS `testimonials` (
  `TestimonialID` int(11) NOT NULL AUTO_INCREMENT,
  `TestimonialTitle` varchar(80) COLLATE utf8_unicode_ci NOT NULL,
  `TestimonialText` text COLLATE utf8_unicode_ci NOT NULL,
  `Dated` date NOT NULL,
  `Username` varchar(50) COLLATE utf8_unicode_ci NOT NULL DEFAULT 'N/A',
  `ShowStatus` tinyint(4) NOT NULL DEFAULT '0',
  PRIMARY KEY (`TestimonialID`)
) ENGINE=MyISAM  DEFAULT CHARSET=utf8 COLLATE=utf8_unicode_ci COMMENT='Client Testimonials' AUTO_INCREMENT=12 ;

--
-- Dumping data for table `testimonials`
--

INSERT INTO `testimonials` (`TestimonialID`, `TestimonialTitle`, `TestimonialText`, `Dated`, `Username`, `ShowStatus`) VALUES
(6, 'يبلبيليبلبيل', 'يليبليبلليبلبي', '2012-04-14', 'N/A', 1),
(7, 'سبسيبسيب', 'سيبيسبسيبيسب', '2012-04-14', 'N/A', 0),
(11, 'سيبسيبسي', 'سيبسيبسيب', '2012-05-11', 'administrator', 0),
(9, 'نبش نين شني نثهخيم ميتنس', 'مينس يني سميمس يني سني ينسي ينس ينيمس ', '2012-05-11', 'administrator', 0),
(10, 'سيبسيبسي', ' بسيبسيبب', '2012-05-11', 'administrator', 0);

-- --------------------------------------------------------

--
-- Table structure for table `user_accounts`
--

DROP TABLE IF EXISTS `user_accounts`;
CREATE TABLE IF NOT EXISTS `user_accounts` (
  `UserID` bigint(20) NOT NULL AUTO_INCREMENT,
  `Username` varchar(255) COLLATE utf8_unicode_ci NOT NULL,
  `Password` varchar(250) COLLATE utf8_unicode_ci NOT NULL,
  `FullName` varchar(50) COLLATE utf8_unicode_ci NOT NULL,
  `AddressLine1` varchar(100) COLLATE utf8_unicode_ci DEFAULT NULL,
  `AddressLine2` varchar(100) COLLATE utf8_unicode_ci DEFAULT NULL,
  `City` varchar(100) COLLATE utf8_unicode_ci DEFAULT NULL,
  `Country` varchar(100) COLLATE utf8_unicode_ci DEFAULT NULL,
  `Phone` varchar(20) COLLATE utf8_unicode_ci DEFAULT NULL,
  `Email` varchar(100) COLLATE utf8_unicode_ci DEFAULT NULL,
  `WebSite` varchar(250) COLLATE utf8_unicode_ci DEFAULT NULL COMMENT 'The Web Site Address of the User',
  `CompanyNameIfAny` varchar(250) COLLATE utf8_unicode_ci DEFAULT NULL,
  `ContactNo` varchar(50) COLLATE utf8_unicode_ci NOT NULL COMMENT 'User''s Contact Phone or Mobile Numbers',
  `Others` varchar(100) COLLATE utf8_unicode_ci DEFAULT NULL,
  `Picture` varchar(250) COLLATE utf8_unicode_ci DEFAULT NULL COMMENT 'Path of the Picture Upladed by User to his Profile',
  `GroupID` int(10) unsigned DEFAULT NULL,
  `AccountStatus` tinyint(1) NOT NULL DEFAULT '1' COMMENT '1= Enable  0=Disable',
  `LastLoginIP` varchar(50) COLLATE utf8_unicode_ci DEFAULT NULL COMMENT 'Users, Last Login IP',
  `StoreName` varchar(255) COLLATE utf8_unicode_ci NOT NULL COMMENT 'The User can Give a Name to His Store Here',
  `StoreLogo` varchar(255) COLLATE utf8_unicode_ci NOT NULL COMMENT 'The User can Upload a Logo for his Store Here',
  PRIMARY KEY (`Username`),
  KEY `UserID` (`UserID`)
) ENGINE=InnoDB  DEFAULT CHARSET=utf8 COLLATE=utf8_unicode_ci COMMENT='UserAccounts' AUTO_INCREMENT=50 ;

--
-- Dumping data for table `user_accounts`
--

INSERT INTO `user_accounts` (`UserID`, `Username`, `Password`, `FullName`, `AddressLine1`, `AddressLine2`, `City`, `Country`, `Phone`, `Email`, `WebSite`, `CompanyNameIfAny`, `ContactNo`, `Others`, `Picture`, `GroupID`, `AccountStatus`, `LastLoginIP`, `StoreName`, `StoreLogo`) VALUES
(17, 'accounts', 'accounts', 'Account System', 'System', 'System', 'Riyadh', 'Saudi Arabia', '4014735', 'info@zorkif.com', NULL, NULL, '4014735', 'N/A', NULL, 6, 1, NULL, '', ''),
(1, 'administrator@administrator.com', '123', 'Administrator', 'System', 'System', 'Malakand', 'System', 'System', 'kifayat@zorkif.com', 'http://www.zorkif.com', 'Zorkif Technology Center', '+923005940474', 'Zorkif Technology Center', 'administrator@administrator.com_Saturday28thJuly2012112834PM_business_man_blue.png', 1, 1, '172.16.0.10', '', ''),
(20, 'branch1', 'branch1', 'Branch1', 'qqqq', 'qqqq', 'Riyadh', 'Saudi Arabia', 'qqq', 'qqqq', NULL, NULL, 'qqqq', 'N/A', NULL, 2, 1, NULL, '', ''),
(21, 'branch2', 'branch2', 'Branch 2', '123', '123', 'Riyadh', 'Saudi Arabia', '123', '123', NULL, NULL, '123', 'N/A', NULL, 2, 1, NULL, '', ''),
(18, 'delivery', 'delivery', 'Delivery Order System', 'System', 'System', 'Riyadh', 'Saudi Arabia', '4014734', 'info@zorkif.com', NULL, NULL, '4014735', 'N/A', NULL, 10, 1, NULL, '', ''),
(13, 'erpadmin', 'erpadmin', 'ERP Administrator', 'System', 'System', 'Riyadh', 'Saudi Arabia', '4014735', 'info@zorkif.com', NULL, NULL, '4014735', 'N/A', NULL, 8, 1, NULL, '', ''),
(46, 'fsdfsdf@sdfssdf.com', 'fsdfsdf@sdfssdf.com', '', NULL, NULL, NULL, NULL, NULL, 'fsdfsdf@sdfssdf.com', NULL, NULL, '', NULL, NULL, 15, 1, NULL, '', ''),
(16, 'inventory', 'inventory', 'Inventory System', 'System', 'System', 'Riyadh', 'Saudi Arabia', '4014735', 'info@zorkif.com', NULL, NULL, '4014735', 'N/A', NULL, 9, 1, NULL, '', ''),
(38, 'kifayat@kifayat.com', 'kifayat@kifayat.com', '', NULL, NULL, NULL, NULL, NULL, 'kifayat@kifayat.com', NULL, NULL, '', NULL, NULL, 15, 1, NULL, '', ''),
(49, 'kifayat@yahoo.com', 'test', '', NULL, NULL, NULL, NULL, NULL, 'kifayat@yahoo.com', NULL, NULL, '', NULL, NULL, 15, 1, NULL, '', ''),
(33, 'kifayat1', 'kifayat1', 'tt tt', NULL, NULL, NULL, 'Pakistan (پاکستان)', '55555', 'tt', NULL, NULL, '545883076', NULL, NULL, 15, 1, NULL, '', ''),
(35, 'kifayat133', 'kifayat133', 'Kifayat kifayat', NULL, NULL, NULL, 'Pakistan (پاکستان)', '0545883076', 'kifayat.khan@yahoo.com', NULL, NULL, '545883076', NULL, NULL, 15, 1, NULL, '', ''),
(48, 'mm@mm.com', 'mm@mm.com', '', NULL, NULL, NULL, NULL, NULL, 'mm@mm.com', NULL, NULL, '', NULL, NULL, 15, 1, NULL, '', ''),
(14, 'purchase', 'purchase', 'Purchase Unit', 'System', 'System', 'Riyadh', 'Saudi Arabia', '4014735', 'info@zorkif.com', NULL, NULL, '4014735', 'N/A', NULL, 12, 1, NULL, '', ''),
(19, 'reports', 'reports', 'ERP Reports', 'System', 'System', 'Riyadh', 'Saudi Arabia', '4014735', 'info@zorkif.com', NULL, NULL, '4014735', 'N/A', NULL, 11, 1, NULL, '', ''),
(12, 'salesman', 'salesman', 'Salesman', 'Salesman', 'Salesman', 'Riyadh', 'Saudi Arabia', '030303030', 'info@zorkif.com', NULL, NULL, '93993939', 'N/A', NULL, 3, 1, NULL, '', ''),
(15, 'salesorder', 'salesorder', 'Sales Order Processing', 'System', 'System', 'Riyadh', 'Saudi Arabia', '4014735', 'info@zorkif.com', NULL, NULL, '4014735', 'N/A', NULL, 5, 1, NULL, '', ''),
(47, 'test@test.com', 'test@test.com', 'Testing User', 'eee', 'eeee', 'eee', 'eee', 'eee', 'test@test.com', NULL, NULL, 'eee', 'eee', NULL, 15, 1, NULL, '', '');

-- --------------------------------------------------------

--
-- Table structure for table `user_groups`
--

DROP TABLE IF EXISTS `user_groups`;
CREATE TABLE IF NOT EXISTS `user_groups` (
  `GroupID` int(11) NOT NULL AUTO_INCREMENT,
  `GroupName` varchar(50) COLLATE utf8_unicode_ci NOT NULL,
  `GroupDescription` varchar(100) COLLATE utf8_unicode_ci NOT NULL,
  PRIMARY KEY (`GroupID`)
) ENGINE=InnoDB  DEFAULT CHARSET=utf8 COLLATE=utf8_unicode_ci COMMENT='User Groups' AUTO_INCREMENT=17 ;

--
-- Dumping data for table `user_groups`
--

INSERT INTO `user_groups` (`GroupID`, `GroupName`, `GroupDescription`) VALUES
(1, 'Administrators', 'The is a super group in this application.\r\n'),
(2, 'Employees', 'Employees of the Company'),
(3, 'Salesman', 'Salesman of the Business'),
(5, 'Sales Order Processing', 'The Group will process the Orders of the Salesman or Customer'),
(6, 'Accounting System', 'The groups will maintain the Accounts'),
(8, 'ERP Administrator', 'This Group acts as the administrator and have accesss to all the sections of Zorkif ERP'),
(9, 'Inventory System', 'Inventory System for Stock Management'),
(10, 'Delivery Warehouse', 'This group will have access to inventory updates and  delivery forms'),
(11, 'Reports', 'Reporint of the ERP System'),
(12, 'Production Unit', 'Production Unit'),
(13, 'Job Employers', 'This groups is reserved for Employer Companies to Offer Jobs'),
(14, 'Job Seeker', 'This groups is reserved for Users who are looking for jobs'),
(15, 'Members', 'Web Site Visitors Memebers'),
(16, 'Feedback Members', 'Web Feedback Members');

-- --------------------------------------------------------

--
-- Table structure for table `user_groups_accessrights`
--

DROP TABLE IF EXISTS `user_groups_accessrights`;
CREATE TABLE IF NOT EXISTS `user_groups_accessrights` (
  `user_groups_accessrights_ID` int(11) NOT NULL AUTO_INCREMENT,
  `App_Module_ID` int(11) NOT NULL,
  `GroupID` int(11) NOT NULL,
  PRIMARY KEY (`user_groups_accessrights_ID`)
) ENGINE=MyISAM  DEFAULT CHARSET=utf8 COLLATE=utf8_unicode_ci AUTO_INCREMENT=89 ;

--
-- Dumping data for table `user_groups_accessrights`
--

INSERT INTO `user_groups_accessrights` (`user_groups_accessrights_ID`, `App_Module_ID`, `GroupID`) VALUES
(74, 2, 2),
(73, 10, 2),
(87, 3, 13),
(75, 25, 6),
(76, 26, 15),
(77, 16, 6),
(78, 16, 6),
(79, 16, 10),
(80, 16, 10),
(82, 15, 6),
(85, 20, 10);

-- --------------------------------------------------------

--
-- Table structure for table `vs_brands`
--

DROP TABLE IF EXISTS `vs_brands`;
CREATE TABLE IF NOT EXISTS `vs_brands` (
  `BrandID` int(10) unsigned NOT NULL AUTO_INCREMENT,
  `BrandName` varchar(255) COLLATE utf8_unicode_ci NOT NULL,
  `BrandName2` varchar(255) COLLATE utf8_unicode_ci DEFAULT NULL,
  PRIMARY KEY (`BrandID`)
) ENGINE=InnoDB  DEFAULT CHARSET=utf8 COLLATE=utf8_unicode_ci COMMENT='Such as Nokia, Samsung, Pepsi, Motorolla, Dunhill' AUTO_INCREMENT=3445 ;

--
-- Dumping data for table `vs_brands`
--

INSERT INTO `vs_brands` (`BrandID`, `BrandName`, `BrandName2`) VALUES
(1, '100 Grand', NULL),
(2, '20th Century Fox', NULL),
(3, '24-Hour Fitness Center', NULL),
(4, '300 (Chrysler)', NULL),
(5, '365 Every Day Value (Whole Foods)', NULL),
(6, '3M', NULL),
(7, '3 Musketeers', NULL),
(8, '5 (Wrigleys)', NULL),
(9, '5 Second', NULL),
(10, '5-Hour Energy', NULL),
(11, '501 (Levis)', NULL),
(12, '579', NULL),
(13, '7 For all Mankind', NULL),
(14, '7-Eleven', NULL),
(15, '7Up', NULL),
(16, '84 Lumber', NULL),
(17, '8th Continent Soymilk', NULL),
(18, '9-3 (Saab)', NULL),
(19, '9-5 (Saab)', NULL),
(20, '9 Lives (DelMonte)', NULL),
(21, 'A&amp;E', NULL),
(22, 'A1 Steak Sauce', NULL),
(23, 'A4 (Audi)', NULL),
(24, 'A6 (Audi)', NULL),
(25, 'AAA', NULL),
(26, 'AAdvantage', NULL),
(27, 'Aamco', NULL),
(28, 'Abbott Laboratories', NULL),
(29, 'ABC', NULL),
(30, 'AbeBooks', NULL),
(31, 'Abercrombie &amp; Fitch', NULL),
(32, 'Abreva', NULL),
(33, 'Absolut', NULL),
(34, 'Accent (Hyundai)', NULL),
(35, 'Accenture', NULL),
(36, 'Accord (Honda)', NULL),
(37, 'Accu-Chek', NULL),
(38, 'Ace Hardware', NULL),
(39, 'Acer', NULL),
(40, 'Acrobat', NULL),
(41, 'Acura', NULL),
(42, 'Acuvue', NULL),
(43, 'Adidas', NULL),
(44, 'Adobe', NULL),
(45, 'Advair', NULL),
(46, 'Advanced Auto Parts', NULL),
(47, 'Advil', NULL),
(48, 'Aeropostale', NULL),
(49, 'Aerosoles', NULL),
(50, 'Aetna', NULL),
(51, 'AFLAC', NULL),
(52, 'Afrin', NULL),
(53, 'After Thoughts', NULL),
(54, 'Ahold', NULL),
(55, 'AIG', NULL),
(56, 'Air Canada', NULL),
(57, 'Air Jordan', NULL),
(58, 'AirElite (Delta)', NULL),
(59, 'AirTran', NULL),
(60, 'Airwalk', NULL),
(61, 'Alamo', NULL),
(62, 'Albertsons', NULL),
(63, 'Alcan', NULL),
(64, 'Alcoa', NULL),
(65, 'Aldi', NULL),
(66, 'Aleve', NULL),
(67, 'Alexander Keiths Brewery', NULL),
(68, 'Alka-Seltzer', NULL),
(69, 'All', NULL),
(70, 'All Star', NULL),
(71, 'Allegra', NULL),
(72, 'Allianz', NULL),
(73, 'Allstate', NULL),
(74, 'Allsteel', NULL),
(75, 'Almay', NULL),
(76, 'Almond Joy', NULL),
(77, 'Altima (Nissan)', NULL),
(78, 'Altoids', NULL),
(79, 'Altria', NULL),
(80, 'Always', NULL),
(81, 'Amana', NULL),
(82, 'Amazon.com', NULL),
(83, 'Ambien', NULL),
(84, 'America Online', NULL),
(85, 'American Airlines', NULL),
(86, 'American Apparel', NULL),
(87, 'American Century', NULL),
(88, 'American Dairy Association', NULL),
(89, 'American Express', NULL),
(90, 'American Heart Association', NULL),
(91, 'American Idol', NULL),
(92, 'AmerisourceBergen', NULL),
(93, 'Amgen', NULL),
(94, 'Amoco', NULL),
(95, 'Amstel Light', NULL),
(96, 'Amtrak', NULL),
(97, 'Angel Soft', NULL),
(98, 'Anheuser-Busch', NULL),
(99, 'Ann Taylor', NULL),
(100, 'Annedd&rsquo;ale', NULL),
(101, 'Anne Klein', NULL),
(102, 'Anthropologie', NULL),
(103, 'Apple', NULL),
(104, 'Apple Jacks', NULL),
(105, 'Applebee&rsquo;s', NULL),
(106, 'Aqua Net', NULL),
(107, 'Aquafina', NULL),
(108, 'Aquafresh', NULL),
(109, 'Aramark', NULL),
(110, 'Arby&rsquo;s', NULL),
(111, 'Ariel', NULL),
(112, 'Arm &amp; Hammer', NULL),
(113, 'Armada (Nissan)', NULL),
(114, 'Armani', NULL),
(115, 'Armol All', NULL),
(116, 'Art Institute International', NULL),
(117, 'Ashley Furniture', NULL),
(118, 'Aspirin (Bayer)', NULL),
(119, 'Astra Zeneca', NULL),
(120, 'AT&amp;T', NULL),
(121, 'Atari', NULL),
(122, 'Atkins', NULL),
(123, 'Audi', NULL),
(124, 'Aunt Jemima', NULL),
(125, 'Aura (Saturn)', NULL),
(126, 'Aussie', NULL),
(127, 'AutoTrader', NULL),
(128, 'AutoZone', NULL),
(129, 'Avalon (Toyota)', NULL),
(130, 'Avalanche (Chevrolet)', NULL),
(131, 'Aveda', NULL),
(132, 'Aveeno', NULL),
(133, 'Avenger (Dodge)', NULL),
(134, 'Aveo (Chevrolet)', NULL),
(135, 'Avia', NULL),
(136, 'Aviator (Lincoln)', NULL),
(137, 'Avis', NULL),
(138, 'Avon', NULL),
(139, 'AXA', NULL),
(140, 'Axe', NULL),
(141, 'Baby Bjorn', NULL),
(142, 'Baby Ruth', NULL),
(143, 'BabyGap', NULL),
(144, 'Bacardi', NULL),
(145, 'Back to Basics', NULL),
(146, 'Back to Nature', NULL),
(147, 'Baconator (Wendy&rsquo;s)', NULL),
(148, 'Bahama Breeze', NULL),
(149, 'Baileys', NULL),
(150, 'Baker Hughes', NULL),
(151, 'Baker&rsquo;s Choice', NULL),
(152, 'Bally Total Fitness', NULL),
(153, 'Banana Boat', NULL),
(154, 'Banana Republic', NULL),
(155, 'Band-Aid', NULL),
(156, 'Bank of America', NULL),
(157, 'Bank of China', NULL),
(158, 'Bank of Montreal', NULL),
(159, 'Bank of Nova Scotia', NULL),
(160, 'Bank One', NULL),
(161, 'Barbie', NULL),
(162, 'Barclays', NULL),
(163, 'Bare Escentuals', NULL),
(164, 'Barnes &amp; Noble', NULL),
(165, 'Barrick Gold', NULL),
(166, 'Baskin-Robbins', NULL),
(167, 'Bausch &amp; Lomb', NULL),
(168, 'Baxter', NULL),
(169, 'Bayer', NULL),
(170, 'Bazooka', NULL),
(171, 'BBC', NULL),
(172, 'BCBG', NULL),
(173, 'BCE', NULL),
(174, 'Beanie Babies', NULL),
(175, 'Beano', NULL),
(176, 'Beaver Buzz', NULL),
(177, 'Bebe', NULL),
(178, 'Beck&rsquo;s', NULL),
(179, 'Bed Head', NULL),
(180, 'Bed, Bath &amp; Beyond', NULL),
(181, 'Beetle', NULL),
(182, 'Bell Atlantic', NULL),
(183, 'Bellsouth', NULL),
(184, 'Ben &amp; Jerry&rsquo;s', NULL),
(185, 'Ben-Gay', NULL),
(186, 'Benadryl', NULL),
(187, 'Benjamin Moore', NULL),
(188, 'Bertolli', NULL),
(189, 'Best Buy', NULL),
(190, 'Best Western', NULL),
(191, 'Betty Crocker', NULL),
(192, 'Bianchi', NULL),
(193, 'Bic', NULL),
(194, 'Big Lots', NULL),
(195, 'Big Mac', NULL),
(196, 'Big Rock Brewery', NULL),
(197, 'Billabong', NULL),
(198, 'Bimbo', NULL),
(199, 'Biolage', NULL),
(200, 'Biore', NULL),
(201, 'Biosilk', NULL),
(202, 'Biotech', NULL),
(203, 'Birds Eye', NULL),
(204, 'Birkenstock', NULL),
(205, 'Bisquick', NULL),
(206, 'Bissell', NULL),
(207, 'Black Label', NULL),
(208, 'BlackBerry', NULL),
(209, 'Blistex', NULL),
(210, 'Blockbuster', NULL),
(211, 'Bloomingdale&rsquo;s', NULL),
(212, 'Blow Pop', NULL),
(213, 'Blue (American Express)', NULL),
(214, 'Blue Cross', NULL),
(215, 'Blue Ribbon', NULL),
(216, 'BMW', NULL),
(217, 'Bob the Builder', NULL),
(218, 'Bobcat', NULL),
(219, 'Boeing', NULL),
(220, 'Boggle', NULL),
(221, 'Bombardier', NULL),
(222, 'Bonanza', NULL),
(223, 'Bonne Bell', NULL),
(224, 'Book It! (Pizza Hut)', NULL),
(225, 'Boost Mobile', NULL),
(226, 'Boots', NULL),
(227, 'Boppy', NULL),
(228, 'Borders', NULL),
(229, 'Bosch', NULL),
(230, 'BOSE', NULL),
(231, 'Boston Market', NULL),
(232, 'Boston Scientific', NULL),
(233, 'BOTOX', NULL),
(234, 'Bounty', NULL),
(235, 'Bowflex', NULL),
(236, 'Boxster (Porsche)', NULL),
(237, 'BP', NULL),
(238, 'Brach&rsquo;s', NULL),
(239, 'Brandchannel', NULL),
(240, 'Braun', NULL),
(241, 'Brava', NULL),
(242, 'Brawny', NULL),
(243, 'Breyer&rsquo;s', NULL),
(244, 'Bridgestone', NULL),
(245, 'Bristol-Myers Squibb', NULL),
(246, 'Brite', NULL),
(247, 'British Airways', NULL),
(248, 'British Rail', NULL),
(249, 'Broadview Home Security', NULL),
(250, 'Brookfield Asset Management', NULL),
(251, 'Brush-Ups (Oral-B)', NULL),
(252, 'Bubble Wrap', NULL),
(253, 'Bubble Yum', NULL),
(254, 'Bubblicious', NULL),
(255, 'Buckle, Inc.', NULL),
(256, 'Bud Light', NULL),
(257, 'Budget', NULL),
(258, 'Budweiser', NULL),
(259, 'Buffalo Wild Wings', NULL),
(260, 'Bugles', NULL),
(261, 'Bugs Bunny', NULL),
(262, 'Buick', NULL),
(263, 'Burberry', NULL),
(264, 'Burger King', NULL),
(265, 'Burlington Coat Factory', NULL),
(266, 'Burt&rsquo;s Bees', NULL),
(267, 'Busch', NULL),
(268, 'Busch Gardens', NULL),
(269, 'Bush&rsquo;s Beans', NULL),
(270, 'Business Week', NULL),
(271, 'Butterball', NULL),
(272, 'Butterfinger', NULL),
(273, 'Cabbage Patch Kids', NULL),
(274, 'Cadbury', NULL),
(275, 'Caboodles', NULL),
(276, 'Cadillac', NULL),
(277, 'Caesar&rsquo;s Entertainment', NULL),
(278, 'Caf', NULL),
(279, 'Calvin Klein', NULL),
(280, 'Camel', NULL),
(281, 'Camero (Chevrolet)', NULL),
(282, 'Campbell&rsquo;s', NULL),
(283, 'Camry (Toyota)', NULL),
(284, 'Canada Dry', NULL),
(285, 'Canadian Imperial Bank', NULL),
(286, 'Canadian National Railway', NULL),
(287, 'Canadian Natural Resources', NULL),
(288, 'Canadian Tire', NULL),
(289, 'Candy Land', NULL),
(290, 'Canon', NULL),
(291, 'Cap&rsquo;n Crunch', NULL),
(292, 'Capezio', NULL),
(293, 'Capital One', NULL),
(294, 'Capri Sun', NULL),
(295, 'Captain Morgan', NULL),
(296, 'Caravan (Dodge)', NULL),
(297, 'Cardinal Health', NULL),
(298, 'Carebear', NULL),
(299, 'Carefree', NULL),
(300, 'Caress', NULL),
(301, 'Carfax', NULL),
(302, 'Cargill', NULL),
(303, 'Carl&rsquo;s Jr.', NULL),
(304, 'Carling', NULL),
(305, 'Carling Black Label', NULL),
(306, 'Carmax', NULL),
(307, 'Carnation', NULL),
(308, 'Carnival Cruise Lines', NULL),
(309, 'Carter&rsquo;s', NULL),
(310, 'Cartier', NULL),
(311, 'Cascadian Farm', NULL),
(312, 'Casey&rsquo;s General Store', NULL),
(313, 'Casio', NULL),
(314, 'Cat Chow', NULL),
(315, 'Caterpillar', NULL),
(316, 'CBS', NULL),
(317, 'CDW', NULL),
(318, 'Celebrex', NULL),
(319, 'Celebrity Cruises', NULL),
(320, 'Cemex', NULL),
(321, 'Cenovus Energy', NULL),
(322, 'CenterPoint Energy', NULL),
(323, 'Centrino', NULL),
(324, 'Century 21', NULL),
(325, 'Challenger (Dodge)', NULL),
(326, 'Champion', NULL),
(327, 'Chanel', NULL),
(328, 'ChapStick', NULL),
(329, 'Charles Schwab', NULL),
(330, 'Charmin', NULL),
(331, 'Chase', NULL),
(332, 'Cheer', NULL),
(333, 'Cheerios', NULL),
(334, 'Cheesecake Factory', NULL),
(335, 'Cheetos', NULL),
(336, 'Cheez Whiz', NULL),
(337, 'Cheez-It', NULL),
(338, 'Chef Boyardee', NULL),
(339, 'Chevrolet', NULL),
(340, 'Chevron', NULL),
(341, 'Chex', NULL),
(342, 'Chili&rsquo;s', NULL),
(343, 'Chip&rsquo;s Ahoy', NULL),
(344, 'Chipotle', NULL),
(345, 'Chiquita', NULL),
(346, 'Chivas', NULL),
(347, 'Christian Dior', NULL),
(348, 'Chuck E. Cheese', NULL),
(349, 'Chuck Taylor', NULL),
(350, 'Cialis', NULL),
(351, 'Cinemax', NULL),
(352, 'Cinnabon', NULL),
(353, 'Cinnamon Toast Crunch', NULL),
(354, 'Cisco', NULL),
(355, 'Citibank', NULL),
(356, 'Citigroup', NULL),
(357, 'Citizens Bank', NULL),
(358, 'Civic (Honda)', NULL),
(359, 'Claires Stores, Inc.', NULL),
(360, 'Clairol', NULL),
(361, 'Clarinex', NULL),
(362, 'Claritin', NULL),
(363, 'Claritin-D', NULL),
(364, 'Clear Channel Communications', NULL),
(365, 'Clear Eyes', NULL),
(366, 'Clearasil', NULL),
(367, 'Clearly Canadian', NULL),
(368, 'Clif Bar', NULL),
(369, 'Clinique', NULL),
(370, 'Clorox', NULL),
(371, 'Clue', NULL),
(372, 'CNN', NULL),
(373, 'Coach', NULL),
(374, 'Cobalt (Chevrolet)', NULL),
(375, 'Coca-Cola', NULL),
(376, 'Cocoa Krispies', NULL),
(377, 'Cocoa Puffs', NULL),
(378, 'Coke Zero', NULL),
(379, 'Coldwater Creek', NULL),
(380, 'Coldwell Bank', NULL),
(381, 'Coleman', NULL),
(382, 'Colgate', NULL),
(383, 'Colorado (Chevrolet)', NULL),
(384, 'Colt 45', NULL),
(385, 'Comcast', NULL),
(386, 'Comedy Central', NULL),
(387, 'Comfort Flex Waistband', NULL),
(388, 'Compaq', NULL),
(389, 'Complete', NULL),
(390, 'Conair', NULL),
(391, 'ConAgra', NULL),
(392, 'ConocoPhillips', NULL),
(393, 'Continental Airlines', NULL),
(394, 'Converse', NULL),
(395, 'Cool Whip', NULL),
(396, 'Coolpix (Nikon)', NULL),
(397, 'Cooper (Mini)', NULL),
(398, 'Coors', NULL),
(399, 'Coors Light', NULL),
(400, 'Coppertone', NULL),
(401, 'Corelle', NULL),
(402, 'Corn Flakes', NULL),
(403, 'Corn Pops', NULL),
(404, 'CorningWare', NULL),
(405, 'Corolla (Toyota)', NULL),
(406, 'Corona', NULL),
(407, 'Corvette (Chevrolet)', NULL),
(408, 'Costco', NULL),
(409, 'Cott', NULL),
(410, 'Cotton Inc.', NULL),
(411, 'Cottonelle', NULL),
(412, 'Country Crock', NULL),
(413, 'Courtyard by Marriott', NULL),
(414, 'Courvoisier', NULL),
(415, 'Coventry Health Care', NULL),
(416, 'Cover Girl', NULL),
(417, 'Cox Communications', NULL),
(418, 'CR-V (Honda)', NULL),
(419, 'Cracker Barrel', NULL),
(420, 'Cracker Jack', NULL),
(421, 'Craigslist', NULL),
(422, 'Crate &amp; Barrel', NULL),
(423, 'Crayola', NULL),
(424, 'Credit Suisse', NULL),
(425, 'Crest', NULL),
(426, 'Crestor', NULL),
(427, 'Crisco', NULL),
(428, 'Crispix', NULL),
(429, 'Crown Royal', NULL),
(430, 'Crunch &lsquo;n Munch', NULL),
(431, 'Crystal Light', NULL),
(432, 'Cub Foods', NULL),
(433, 'Cummins', NULL),
(434, 'Curves', NULL),
(435, 'CVS', NULL),
(436, 'Cyber-Shot (Sony)', NULL),
(437, 'Daewoo', NULL),
(438, 'Daffy Duck', NULL),
(439, 'Dairy Queen', NULL),
(440, 'Daisy', NULL),
(441, 'Dakota (Dodge)', NULL),
(442, 'Danone', NULL),
(443, 'Darden', NULL),
(444, 'Dasani', NULL),
(445, 'Dave &amp; Busters', NULL),
(446, 'David&rsquo;s Bridal', NULL),
(447, 'Dawn', NULL),
(448, 'DayQuil', NULL),
(449, 'Days Inn', NULL),
(450, 'DeBeers', NULL),
(451, 'Degree', NULL),
(452, 'Del Monte', NULL),
(453, 'Dell', NULL),
(454, 'Delta Air Lines', NULL),
(455, 'Denny&rsquo;s', NULL),
(456, 'DenTek', NULL),
(457, 'Dentyne', NULL),
(458, 'Denver Hayes', NULL),
(459, 'Desitin', NULL),
(460, 'Detrol', NULL),
(461, 'Deutsche Bank', NULL),
(462, 'DeVry', NULL),
(463, 'DeWALT', NULL),
(464, 'DHL', NULL),
(465, 'Diageo', NULL),
(466, 'Dial', NULL),
(467, 'Diaper Genie', NULL),
(468, 'Dick&rsquo;s Sporting Goods', NULL),
(469, 'Dickies', NULL),
(470, 'Diesel', NULL),
(471, 'Diet Coke', NULL),
(472, 'Diet Pepsi', NULL),
(473, 'Digiorno', NULL),
(474, 'Dillard&rsquo;s', NULL),
(475, 'Dinty Moore', NULL),
(476, 'Dior', NULL),
(477, 'DirectTV', NULL),
(478, 'Dirt Devil', NULL),
(479, 'Discount Tire', NULL),
(480, 'Discover', NULL),
(481, 'Discovery Air', NULL),
(482, 'Discovery Channel', NULL),
(483, 'Dish Network', NULL),
(484, 'Disney', NULL),
(485, 'Dixie', NULL),
(486, 'DKNY', NULL),
(487, 'Doc Martin', NULL),
(488, 'Dockers', NULL),
(489, 'Dodge', NULL),
(490, 'Dog Chow', NULL),
(491, 'Dolby Surround', NULL),
(492, 'Dolce &amp; Gabbana', NULL),
(493, 'Dole', NULL),
(494, 'Dollar General', NULL),
(495, 'Dollar Rent A Car', NULL),
(496, 'Dollar Tree Stores', NULL),
(497, 'Dom Perignon', NULL),
(498, 'Domino&rsquo;s Pizza', NULL),
(499, 'Don de Dieu', NULL),
(500, 'Doritos', NULL),
(501, 'Doublemint', NULL),
(502, 'Doubletree', NULL),
(503, 'Dove', NULL),
(504, 'Dow Chemical', NULL),
(505, 'Downy', NULL),
(506, 'Dr Pepper', NULL),
(507, 'Dr. Scholl&rsquo;s', NULL),
(508, 'Dramamine', NULL),
(509, 'Drano', NULL),
(510, 'DreamWorks', NULL),
(511, 'Drewrys', NULL),
(512, 'Du Maurier', NULL),
(513, 'Dunkin Donuts', NULL),
(514, 'DuPont', NULL),
(515, 'Duracell', NULL),
(516, 'Duraflame', NULL),
(517, 'Durango (Dodge)', NULL),
(518, 'Durex', NULL),
(519, 'DustBuster', NULL),
(520, 'DYMO', NULL),
(521, 'Dynamotive Energy Systems', NULL),
(522, 'Dyson', NULL),
(523, 'E! Entertainment Television', NULL),
(524, 'E-Trade', NULL),
(525, 'Easy Spirit', NULL),
(526, 'Easy-Bake', NULL),
(527, 'Easy-Off', NULL),
(528, 'EasyShare (Kodak)', NULL),
(529, 'Eaton', NULL),
(530, 'eBay', NULL),
(531, 'Ecco', NULL),
(532, 'Eclipse', NULL),
(533, 'Edy&rsquo;s', NULL),
(534, 'Egg Beaters', NULL),
(535, 'Eggo', NULL),
(536, 'EHarmony.com', NULL),
(537, 'Eight OClock Coffee Company', NULL),
(538, 'Elantra (Hyundai)', NULL),
(539, 'Electrasol', NULL),
(540, 'Electrolux', NULL),
(541, 'Eli Lilly', NULL),
(542, 'Elmer Fudd', NULL),
(543, 'Elmer&rsquo;s', NULL),
(544, 'Emerson Electric', NULL),
(545, 'Emerus', NULL),
(546, 'Empire State Building', NULL),
(547, 'Enbridge', NULL),
(548, 'EnCana', NULL),
(549, 'Energizer', NULL),
(550, 'Ensure', NULL),
(551, 'Enterprise Rent-A-Car', NULL),
(552, 'Envoy (GMC)', NULL),
(553, 'EOS (Volkswagen)', NULL),
(554, 'Epcot', NULL),
(555, 'Epson', NULL),
(556, 'Equal', NULL),
(557, 'Equinox (Chevy)', NULL),
(558, 'Escalade (Cadillac)', NULL),
(559, 'Escape (Ford)', NULL),
(560, 'Espirit', NULL),
(561, 'ESPN', NULL),
(562, 'Estee Lauder', NULL),
(563, 'Etch A Sketch', NULL),
(564, 'Ethan Allen', NULL),
(565, 'Ethical Ocean', NULL),
(566, 'Eucerin', NULL),
(567, 'Evenflo', NULL),
(568, 'Eveready', NULL),
(569, 'Everlast', NULL),
(570, 'Evian', NULL),
(571, 'Evora (Lotus)', NULL),
(572, 'Excedrin', NULL),
(573, 'Excellence (L&rsquo;Or', NULL),
(574, 'Expedia.com', NULL),
(575, 'Expedition (Ford)', NULL),
(576, 'Explorer (Ford)', NULL),
(577, 'Export', NULL),
(578, 'Exxon Mobil', NULL),
(579, 'Ezine', NULL),
(580, 'Facebook', NULL),
(581, 'Fairfax Financial Holdings', NULL),
(582, 'Falcon Bridge', NULL),
(583, 'Family Dollar', NULL),
(584, 'Famous Amos', NULL),
(585, 'Fannie Mae', NULL),
(586, 'Fanta', NULL),
(587, 'Fantastik', NULL),
(588, 'Farberware', NULL),
(589, 'Febreze', NULL),
(590, 'FedEx', NULL),
(591, 'FedEx Office', NULL),
(592, 'Fendi', NULL),
(593, 'Feria (L&rsquo;Or', NULL),
(594, 'Ferrari', NULL),
(595, 'Fiat', NULL),
(596, 'Fiber One', NULL),
(597, 'Fiber Plus', NULL),
(598, 'FibreTech Innovations', NULL),
(599, 'Fidelity', NULL),
(600, 'Fila', NULL),
(601, 'Firestone', NULL),
(602, 'First Data', NULL),
(603, 'First Response', NULL),
(604, 'FirstEnergy', NULL),
(605, 'Fisher-Price', NULL),
(606, 'Fiskar&rsquo;s', NULL),
(607, 'Five Hundred (Ford)', NULL),
(608, 'Fleet Farm', NULL),
(609, 'FLO TV (Qualcomm)', NULL),
(610, 'Flonase', NULL),
(611, 'Florida Orange Juice', NULL),
(612, 'Fluor', NULL),
(613, 'Focus (Ford)', NULL),
(614, 'Folgers', NULL),
(615, 'Foot Locker', NULL),
(616, 'Forbes', NULL),
(617, 'ForceFlex (Glad)', NULL),
(618, 'Ford Motor', NULL),
(619, 'Forenza (Suzuki)', NULL),
(620, 'Formula 409', NULL),
(621, 'Forrester (Subaru)', NULL),
(622, 'Forte (Kia)', NULL),
(623, 'Fortwo (Smart)', NULL),
(624, 'Fossil', NULL),
(625, 'Foster&rsquo;s', NULL),
(626, 'Four Loko', NULL),
(627, 'Fox', NULL),
(628, 'Freddie Mac', NULL),
(629, 'FreeCreditReport.com', NULL),
(630, 'Freestyle (Ford)', NULL),
(631, 'French&rsquo;s', NULL),
(632, 'Fresca', NULL),
(633, 'Freshlook', NULL),
(634, 'Fresh Steps', NULL),
(635, 'Fridgidaire', NULL),
(636, 'Friskies', NULL),
(637, 'Frito-Lay', NULL),
(638, 'FrontLine', NULL),
(639, 'Froot Loops', NULL),
(640, 'Fruit of the Loom', NULL),
(641, 'Fruit Harvest', NULL),
(642, 'Fudge Shoppe', NULL),
(643, 'Fuji Film', NULL),
(644, 'Funyuns', NULL),
(645, 'Fusion (Ford)', NULL),
(646, 'FX (Infiniti)', NULL),
(647, 'G6 (Pontiac)', NULL),
(648, 'Galant (Mistubishi)', NULL),
(649, 'Game Boy', NULL),
(650, 'Gap', NULL),
(651, 'Gardetto&rsquo;s', NULL),
(652, 'Garmin', NULL),
(653, 'Garnier', NULL),
(654, 'Gatorade', NULL),
(655, 'Geico', NULL),
(656, 'General Electric', NULL),
(657, 'General Mills', NULL),
(658, 'General Motors', NULL),
(659, 'George Foreman', NULL),
(660, 'George Weston', NULL),
(661, 'Georgia-Pacific', NULL),
(662, 'Gerber', NULL),
(663, 'Giant Eagle', NULL),
(664, 'Gillette', NULL),
(665, 'Giorgio Armani', NULL),
(666, 'Glad', NULL),
(667, 'Glade', NULL),
(668, 'GlaxoSmithKline', NULL),
(669, 'GM', NULL),
(670, 'GMAC', NULL),
(671, 'GNC', NULL),
(672, 'Godiva', NULL),
(673, 'Gold Medal', NULL),
(674, 'Gold&rsquo;n Plump', NULL),
(675, 'Golden Grahams', NULL),
(676, 'Goldfish', NULL),
(677, 'Goldman Sachs', NULL),
(678, 'Good &amp; Plenty', NULL),
(679, 'Good Housekeeping', NULL),
(680, 'Good Humor', NULL),
(681, 'Good Start (Nestle)', NULL),
(682, 'Goody', NULL),
(683, 'Goodyear', NULL),
(684, 'Google', NULL),
(685, 'Gordon&rsquo;s', NULL),
(686, 'Gore-Tex', NULL),
(687, 'Graco', NULL),
(688, 'Grand Caravan (Dodge)', NULL),
(689, 'Grand Cherokee (Jeep)', NULL),
(690, 'GranTurismo (Maserati)', NULL),
(691, 'Grape Nuts', NULL),
(692, 'Green Giant', NULL),
(693, 'Grey Goose', NULL),
(694, 'Greyhound', NULL),
(695, 'GT (Ford)', NULL),
(696, 'GTO (Pontiac)', NULL),
(697, 'Gucci', NULL),
(698, 'Guess?', NULL),
(699, 'Guinness', NULL),
(700, 'H-E-B', NULL),
(701, 'H&amp;M', NULL),
(702, 'H&amp;R Block', NULL),
(703, 'H2 (Hummer)', NULL),
(704, 'Haagen-Dazs', NULL),
(705, 'Hacky Sack', NULL),
(706, 'Haier', NULL),
(707, 'Hallmark', NULL),
(708, 'Halls', NULL),
(709, 'Hamburger Helper', NULL),
(710, 'Hampton Inn', NULL),
(711, 'Hanes', NULL),
(712, 'Hannah Montana', NULL),
(713, 'Hard Rock Caf', NULL),
(714, 'Hardee&rsquo;s', NULL),
(715, 'Harley-Davidson', NULL),
(716, 'Harris Teeter', NULL),
(717, 'Harry Potter', NULL),
(718, 'Harry Rosen', NULL),
(719, 'Hartford', NULL),
(720, 'Hasbro', NULL),
(721, 'Hawaiian Tropic', NULL),
(722, 'HBO', NULL),
(723, 'Head &amp; Shoulders', NULL),
(724, 'Healthy Choice', NULL),
(725, 'Heath', NULL),
(726, 'Hefty', NULL),
(727, 'Heineken', NULL),
(728, 'Heinz', NULL),
(729, 'Helene Curtis', NULL),
(730, 'Hellman&rsquo;s', NULL),
(731, 'Hello Kitty', NULL),
(732, 'Helzberg Diamond', NULL),
(733, 'Hennessy', NULL),
(734, 'Herbal Essences', NULL),
(735, 'Hermes Paris', NULL),
(736, 'Hershey&rsquo;s', NULL),
(737, 'Hertz', NULL),
(738, 'Hewlett-Packard', NULL),
(739, 'Hidden Valley', NULL),
(740, 'Highlander (Toyota)', NULL),
(741, 'Hillshire Farm', NULL),
(742, 'Hilton', NULL),
(743, 'Hobby Lobby', NULL),
(744, 'Holiday Inn', NULL),
(745, 'Hollister', NULL),
(746, 'Holly Hobbie', NULL),
(747, 'Home Depot', NULL),
(748, 'Home Shopping Network', NULL),
(749, 'Homedics', NULL),
(750, 'Honda', NULL),
(751, 'Honey Bunches of Oat', NULL),
(752, 'Honeywell', NULL),
(753, 'Hooters', NULL),
(754, 'Hoover', NULL),
(755, 'Hormel', NULL),
(756, 'Hostess', NULL),
(757, 'Hot Wheels', NULL),
(758, 'Hotels.com', NULL),
(759, 'Hotmail', NULL),
(760, 'Hotwire.com', NULL),
(761, 'Hoveround', NULL),
(762, 'HSBC', NULL),
(763, 'Huggies', NULL),
(764, 'Hugo Boss', NULL),
(765, 'Hula-Hoop', NULL),
(766, 'Humana', NULL),
(767, 'Hummer', NULL),
(768, 'Hungry-Man', NULL),
(769, 'Hunt&rsquo;s', NULL),
(770, 'Hush Puppies', NULL),
(771, 'Husky Energy', NULL),
(772, 'Hy-Vee', NULL),
(773, 'Hyatt', NULL),
(774, 'Hydroxycut', NULL),
(775, 'Hyundai', NULL),
(776, 'I Can&rsquo;t Believe It&rsquo;s Not Butter', NULL),
(777, 'Iams', NULL),
(778, 'IBM', NULL),
(779, 'Ice Breakers', NULL),
(780, 'Icee', NULL),
(781, 'Igloo', NULL),
(782, 'IHOP', NULL),
(783, 'IKEA', NULL),
(784, 'IMAX', NULL),
(785, 'Imodium', NULL),
(786, 'Impala (Chevrolet)', NULL),
(787, 'Imperial Oil', NULL),
(788, 'Inco Rogers Communications Empire', NULL),
(789, 'InStyle', NULL),
(790, 'Infiniti', NULL),
(791, 'Infosys', NULL),
(792, 'ING', NULL),
(793, 'Inspiration (Dell)', NULL),
(794, 'Intel', NULL),
(795, 'International Paper', NULL),
(796, 'Intuition (Schick)', NULL),
(797, 'Invisalign', NULL),
(798, 'Ion (Saturn)', NULL),
(799, 'iPad (Apple)', NULL),
(800, 'iPhone (Apple)', NULL),
(801, 'iPod (Apple)', NULL),
(802, 'Irish Spring', NULL),
(803, 'Isotoner', NULL),
(804, 'ITT Technical Institute', NULL),
(805, 'iTunes', NULL),
(806, 'Ivory', NULL),
(807, 'J.C. Penney', NULL),
(808, 'J.Crew', NULL),
(809, 'J.P. Morgan', NULL),
(810, 'Jaan Paan Liquer', NULL),
(811, 'Jack Daniels', NULL),
(812, 'Jack in the Box', NULL),
(813, 'Jackson Hewitt', NULL),
(814, 'Jacuzzi', NULL),
(815, 'Jaguar', NULL),
(816, 'Jameson', NULL),
(817, 'Jared Galleria', NULL),
(818, 'Jazzercise', NULL),
(819, 'Jeep', NULL),
(820, 'Jell-O', NULL),
(821, 'Jelly Belly', NULL),
(822, 'Jenn-Air', NULL),
(823, 'Jenny Craig', NULL),
(824, 'Jeopardy!', NULL),
(825, 'Jergens', NULL),
(826, 'JetBlue', NULL),
(827, 'Jetta (Volkswagen)', NULL),
(828, 'Jiffy', NULL),
(829, 'Jim Beam', NULL),
(830, 'Jimmy Dean', NULL),
(831, 'Jockey', NULL),
(832, 'Joe&rsquo;s Crab Shack', NULL),
(833, 'John Deere', NULL),
(834, 'John Frida', NULL),
(835, 'Johnnie Walker', NULL),
(836, 'Johnson &amp; Johnson', NULL),
(837, 'Johnson Controls', NULL),
(838, 'Johnson&rsquo;s Baby', NULL),
(839, 'Johnsonville Foods', NULL),
(840, 'Jolly Rancher', NULL),
(841, 'Jones New York', NULL),
(842, 'Jordache', NULL),
(843, 'Jose Cuervo', NULL),
(844, 'Juicy Couture', NULL),
(845, 'Juicy Fruit', NULL),
(846, 'Juicy Juice', NULL),
(847, 'JumboTron', NULL),
(848, 'Just For Men', NULL),
(849, 'JVC', NULL),
(850, 'K-Swiss', NULL),
(851, 'K-Y', NULL),
(852, 'K2', NULL),
(853, 'K9 Advantix', NULL),
(854, 'Kahl', NULL),
(855, 'Kaiser Permanente', NULL),
(856, 'Karo', NULL),
(857, 'Kashi', NULL),
(858, 'Keds', NULL),
(859, 'Keebler', NULL),
(860, 'Kellogg&rsquo;s', NULL),
(861, 'Kenmore', NULL),
(862, 'Kenneth Cole', NULL),
(863, 'KFC', NULL),
(864, 'Kia', NULL),
(865, 'Kibbles &lsquo;n Bits', NULL),
(866, 'Kids &ldquo;R&rdquo; Us', NULL),
(867, 'Kimberly-Clark', NULL),
(868, 'King Snedleys Beer', NULL),
(869, 'Kiss My Face', NULL),
(870, 'Kisses (Hershey&rsquo;s)', NULL),
(871, 'Kit Kat', NULL),
(872, 'KitchenAid', NULL),
(873, 'Kix', NULL),
(874, 'Kleenex', NULL),
(875, 'Klondike', NULL),
(876, 'Kmart', NULL),
(877, 'Kodak', NULL),
(878, 'Kohl&rsquo;s', NULL),
(879, 'Kohler', NULL),
(880, 'Kokanee Beer', NULL),
(881, 'Kool-Aid', NULL),
(882, 'Kotex', NULL),
(883, 'Krackel', NULL),
(884, 'Kraft', NULL),
(885, 'Krazy Glue', NULL),
(886, 'Krispy Kreme', NULL),
(887, 'Kroger', NULL),
(888, 'L.A. Gear', NULL),
(889, 'L.A. Weightloss Center', NULL),
(890, 'L.L. Bean', NULL),
(891, 'L&rsquo;Or', NULL),
(892, 'La Choy', NULL),
(893, 'La Crosse (Buick)', NULL),
(894, 'La Fin du Monde', NULL),
(895, 'La-Z-Boy', NULL),
(896, 'Labatt&rsquo;s', NULL),
(897, 'LaCoste', NULL),
(898, 'Lady Speed Stick', NULL),
(899, 'Lakeport Brewing Company', NULL),
(900, 'Lamborghini', NULL),
(901, 'Lancer (Mitsubishi)', NULL),
(902, 'Laffy Taffy', NULL),
(903, 'Lancome', NULL),
(904, 'Land O&rsquo;Lakes', NULL),
(905, 'Land Rover', NULL),
(906, 'Lay&rsquo;s', NULL),
(907, 'Lean Cuisine', NULL),
(908, 'LeapFrog', NULL),
(909, 'Lee', NULL),
(910, 'LEGO', NULL),
(911, 'Lendingtree', NULL),
(912, 'LensCrafters', NULL),
(913, 'Levi&rsquo;s', NULL),
(914, 'Lexus', NULL),
(915, 'LG', NULL),
(916, 'Liberty (Jeep)', NULL),
(917, 'Liberty Medical', NULL),
(918, 'Liberty Mutual', NULL),
(919, 'Life Savers', NULL),
(920, 'Life Time Fitness', NULL),
(921, 'Limited', NULL),
(922, 'Lincoln', NULL),
(923, 'Lincoln Logs', NULL),
(924, 'Linens &lsquo;n Things', NULL),
(925, 'Lipitor', NULL),
(926, 'Lipton', NULL),
(927, 'Liqui-Gel (Advil)', NULL),
(928, 'Liquid Paper', NULL),
(929, 'Liquid-Plumr', NULL),
(930, 'Listerine', NULL),
(931, 'Lite-Brite', NULL),
(932, 'Little Caesars', NULL),
(933, 'Little Debbie', NULL),
(934, 'Liz Claiborne', NULL),
(935, 'Lockheed Martin', NULL),
(936, 'London Drugs', NULL),
(937, 'London Fog', NULL),
(938, 'Long John Silver&rsquo;s', NULL),
(939, 'Looney Tunes', NULL),
(940, 'Louis Vuitton', NULL),
(941, 'Lowe&rsquo;s', NULL),
(942, 'Lubriderm', NULL),
(943, 'Lucky', NULL),
(944, 'Lucky Charms', NULL),
(945, 'Lucky Lager', NULL),
(946, 'Lufthansa Airlines', NULL),
(947, 'Luis Vuitton', NULL),
(948, 'Lululemon Athletica', NULL),
(949, 'Lunchables', NULL),
(950, 'Lunesta', NULL),
(951, 'Luvs', NULL),
(952, 'Luxottica Retail', NULL),
(953, 'Lycra', NULL),
(954, 'Lysol', NULL),
(955, 'M&amp;M&rsquo;s', NULL),
(956, 'Maalox', NULL),
(957, 'Macaroni Grill', NULL),
(958, 'Mach3 (Gillette)', NULL),
(959, 'Mack', NULL),
(960, 'Macy&rsquo;s', NULL),
(961, 'Magic Chef', NULL),
(962, 'Magic Eraser (Mr. Clean)', NULL),
(963, 'Magic Marker', NULL),
(964, 'Magna Doodle', NULL),
(965, 'Magna International', NULL),
(966, 'Magnavox', NULL),
(967, 'Magnum (Dodge)', NULL),
(968, 'Major League Baseball', NULL),
(969, 'Make-up Art Cosmetics', NULL),
(970, 'Maker&rsquo;s Mark', NULL),
(971, 'Malibu', NULL),
(972, 'Malibu (Chevrolet)', NULL),
(973, 'Manchester United', NULL),
(974, 'Manwich', NULL),
(975, 'Manulife Financial', NULL),
(976, 'MapQuest', NULL),
(977, 'Marathon', NULL),
(978, 'Mariner (Mercury)', NULL),
(979, 'Marks', NULL),
(980, 'Marlboro', NULL),
(981, 'Marmot', NULL),
(982, 'Marriott', NULL),
(983, 'Mars', NULL),
(984, 'Marshall Fields', NULL),
(985, 'Marshalls', NULL),
(986, 'Martha Stewart Living', NULL),
(987, 'Martini', NULL),
(988, 'Mass Mutual', NULL),
(989, 'Master Craft', NULL),
(990, 'MasterCard', NULL),
(991, 'Matchbox', NULL),
(992, 'Mattel', NULL),
(993, 'Mattress Giant', NULL),
(994, 'Maudite', NULL),
(995, 'Max Factor', NULL),
(996, 'Maxima (Nissan)', NULL),
(997, 'Maxwell House', NULL),
(998, 'Maybelline', NULL),
(999, 'Mayo Clinic', NULL),
(1000, 'Maytag', NULL),
(1001, 'Mazda', NULL),
(1002, 'McAfee', NULL),
(1003, 'McDonald&rsquo;s', NULL),
(1004, 'McKesson', NULL),
(1005, 'MDX (Acura)', NULL),
(1006, 'Mead', NULL),
(1007, 'Medtronic', NULL),
(1008, 'Meijer', NULL),
(1009, 'Mello Yello', NULL),
(1010, 'Memorex', NULL),
(1011, 'Men&rsquo;s Warehouse', NULL),
(1012, 'Menard&rsquo;s', NULL),
(1013, 'Mentos', NULL),
(1014, 'Mercedez-Benz', NULL),
(1015, 'Mercury Insurance', NULL),
(1016, 'Merrill Lynch', NULL),
(1017, 'Mervyn&rsquo;s', NULL),
(1018, 'MetLife', NULL),
(1019, 'MGM', NULL),
(1020, 'Michael Kors', NULL),
(1021, 'Michaels Stores', NULL),
(1022, 'Michelin', NULL),
(1023, 'Michelob', NULL),
(1024, 'Microsoft', NULL),
(1025, 'Microsoft Office', NULL),
(1026, 'Midas', NULL),
(1027, 'Midol', NULL),
(1028, 'Mike and Ike', NULL),
(1029, 'Milk Duds', NULL),
(1030, 'Milk-Bone', NULL),
(1031, 'Milky Way', NULL),
(1032, 'Miller', NULL),
(1033, 'Miller Lite', NULL),
(1034, 'Mini Cooper', NULL),
(1035, 'Mini Wheats', NULL),
(1036, 'Minute Maid', NULL),
(1037, 'Miracle-Gro', NULL),
(1038, 'Mitsubishi', NULL),
(1039, 'Mobil', NULL),
(1040, 'Mod-Podge', NULL),
(1041, 'Moet &amp; Chandon', NULL),
(1042, 'Molson Canadian', NULL),
(1043, 'Molson Export', NULL),
(1044, 'Mondetta Clothing Company', NULL),
(1045, 'Monopoly', NULL),
(1046, 'Monsanto', NULL),
(1047, 'Monster.com', NULL),
(1048, 'Monterey (Mercury)', NULL),
(1049, 'Moosehead Brewery', NULL),
(1050, 'Mop &amp; Glo', NULL),
(1051, 'Morgan Stanley', NULL),
(1052, 'Motel 6', NULL),
(1053, 'Motorola', NULL),
(1054, 'Motrin', NULL),
(1055, 'Mountain Dew', NULL),
(1056, 'Mountaineer (Mercury)', NULL),
(1057, 'Mr. Bubble', NULL),
(1058, 'Mr. Clean', NULL),
(1059, 'Mr. Pibb', NULL),
(1060, 'Mr. Potato Head', NULL),
(1061, 'Mr. Sub', NULL),
(1062, 'Mrs. Fields', NULL),
(1063, 'MSN', NULL),
(1064, 'MTS', NULL),
(1065, 'MTV', NULL),
(1066, 'Munchkin', NULL),
(1067, 'Murano (Nissan)', NULL),
(1068, 'Murphy Oil', NULL),
(1069, 'Must See TV', NULL),
(1070, 'Mustang (Ford)', NULL),
(1071, 'My Little Pony', NULL),
(1072, 'Mylanta', NULL),
(1073, 'MySpace', NULL),
(1074, 'Nabisco', NULL),
(1075, 'Nair', NULL),
(1076, 'NAPA Auto Parts', NULL),
(1077, 'NASA', NULL),
(1078, 'NASCAR', NULL),
(1079, 'NASDAQ', NULL),
(1080, 'National Bank of Canada', NULL),
(1081, 'Nationwide', NULL),
(1082, 'Naturalizer', NULL),
(1083, 'Nature Valley', NULL),
(1084, 'Natures Path', NULL),
(1085, 'Nature&rsquo;s Way', NULL),
(1086, 'Nautica', NULL),
(1087, 'Navigator (Lincoln)', NULL),
(1088, 'NBC', NULL),
(1089, 'Needs Convenience', NULL),
(1090, 'Neiman Marcus', NULL),
(1091, 'Neosporin', NULL),
(1092, 'Nerds', NULL),
(1093, 'Nerf', NULL),
(1094, 'Nescafe', NULL),
(1095, 'Nestea', NULL),
(1096, 'Nestle', NULL),
(1097, 'Netflix', NULL),
(1098, 'Netscape', NULL),
(1099, 'Neutrogena', NULL),
(1100, 'New Balance', NULL),
(1101, 'New York Life Insurance', NULL),
(1102, 'Newsweek', NULL),
(1103, 'Newton&rsquo;s', NULL),
(1104, 'Nexen', NULL),
(1105, 'Nexis', NULL),
(1106, 'Nextel', NULL),
(1107, 'Nexxus', NULL),
(1108, 'NFL', NULL),
(1109, 'Nice N Easy (Clairol)', NULL),
(1110, 'Nickelodeon', NULL),
(1111, 'Nicoderm', NULL),
(1112, 'Nicorette', NULL),
(1113, 'Night Effects (Crest)', NULL),
(1114, 'Nike', NULL),
(1115, 'Nikon', NULL),
(1116, 'Nine West', NULL),
(1117, 'Nintendo', NULL),
(1118, 'Nissan', NULL),
(1119, 'Nivea', NULL),
(1120, 'No Name', NULL),
(1121, 'Nokia', NULL),
(1122, 'NordicTrack', NULL),
(1123, 'Nordstrom', NULL),
(1124, 'Norelco', NULL),
(1125, 'Nortel Networks', NULL),
(1126, 'Northwestern Mutual', NULL),
(1127, 'Norton AntiVirus', NULL),
(1128, 'Norweigen Cruises', NULL),
(1129, 'Novartis', NULL),
(1130, 'Noxzema', NULL),
(1131, 'Nu Skin', NULL),
(1132, 'Nutella', NULL),
(1133, 'NutraSweet', NULL),
(1134, 'Nutri-Grain', NULL),
(1135, 'Nutrisse (Garnier)', NULL),
(1136, 'Nuvaring', NULL),
(1137, 'NyQuil', NULL),
(1138, 'Ocean Pacific', NULL),
(1139, 'Ocean Spray', NULL),
(1140, 'Odyssey (Honda)', NULL),
(1141, 'Off!', NULL),
(1142, 'Office Depot', NULL),
(1143, 'Office Max', NULL),
(1144, 'Oil of Olay', NULL),
(1145, 'Oland Export Ale', NULL),
(1146, 'Olay', NULL),
(1147, 'Old El Paso', NULL),
(1148, 'Old Milwaukee', NULL),
(1149, 'Old Navy', NULL),
(1150, 'Old Spice', NULL),
(1151, 'Old Style Pilsner', NULL),
(1152, 'Old Vienna', NULL),
(1153, 'Olive Garden', NULL),
(1154, 'Olympus', NULL),
(1155, 'OmniPro (Samsung)', NULL),
(1156, 'One-A-Day', NULL),
(1157, 'Onex', NULL),
(1158, 'Onstar', NULL),
(1159, 'Oprah', NULL),
(1160, 'Oracle', NULL),
(1161, 'Oral-B', NULL),
(1162, 'Orbitz', NULL),
(1163, 'Oreck', NULL),
(1164, 'Oreo', NULL),
(1165, 'Original Ranch', NULL),
(1166, 'Orkin', NULL),
(1167, 'Ortho Tri-Cyclen', NULL),
(1168, 'Orville Redenbacher&rsquo;s', NULL),
(1169, 'Oscar Mayer', NULL),
(1170, 'OshKosh B&rsquo;Gosh', NULL),
(1171, 'Oster', NULL),
(1172, 'Oust', NULL),
(1173, 'Outback (Subaru)', NULL),
(1174, 'Outback Steakhouse', NULL),
(1175, 'Outlook', NULL),
(1176, 'Ovaltine', NULL),
(1177, 'Overstock', NULL),
(1178, 'Oxiclean', NULL),
(1179, 'OXO', NULL),
(1180, 'P.F. Chang&rsquo;s', NULL),
(1181, 'Pabst', NULL),
(1182, 'Pac-Man', NULL),
(1183, 'Pace Salsa', NULL),
(1184, 'Pacifica (Chrysler)', NULL),
(1185, 'Pacifico', NULL),
(1186, 'Palm', NULL),
(1187, 'Pampers', NULL),
(1188, 'PanAm Airlines', NULL),
(1189, 'Panasonic', NULL),
(1190, 'Panera Bread', NULL),
(1191, 'Pantene', NULL),
(1192, 'Papa John&rsquo;s', NULL),
(1193, 'Papa Murphy&rsquo;s', NULL),
(1194, 'Paper Mate', NULL),
(1195, 'Paramount', NULL),
(1196, 'Parker Hannifin', NULL),
(1197, 'Passat (Volkswagen)', NULL),
(1198, 'Patagonia', NULL),
(1199, 'Patron', NULL),
(1200, 'Paul Mitchell', NULL),
(1201, 'Pavilion (HP)', NULL),
(1202, 'Paxil', NULL),
(1203, 'PayDay', NULL),
(1204, 'Payless Shoe Source', NULL),
(1205, 'PBS', NULL),
(1206, 'Pearl (Tampax)', NULL),
(1207, 'Pearl Vision', NULL),
(1208, 'Pearson', NULL),
(1209, 'Pedialyte', NULL),
(1210, 'Pediasure', NULL),
(1211, 'Pedigree', NULL),
(1212, 'Pennzoil', NULL),
(1213, 'Pentium', NULL),
(1214, 'PeoplePC', NULL),
(1215, 'Pep Boys', NULL),
(1216, 'Pepcid', NULL),
(1217, 'Pepperidge Farm', NULL),
(1218, 'Pepsi', NULL),
(1219, 'Pepsodent', NULL),
(1220, 'Percocet', NULL),
(1221, 'Perkins', NULL),
(1222, 'Perrier', NULL),
(1223, 'Pert', NULL),
(1224, 'Petco', NULL),
(1225, 'Peter Pan', NULL),
(1226, 'PetMed Express', NULL),
(1227, 'Pepto-Bismol', NULL),
(1228, 'Petro Canada', NULL),
(1229, 'Petsmart', NULL),
(1230, 'PEZ', NULL),
(1231, 'Pfizer', NULL),
(1232, 'PG&amp;E Corp.', NULL),
(1233, 'Phat Farm', NULL),
(1234, 'Philadelphia Cream Cheese', NULL),
(1235, 'Philip Morris', NULL),
(1236, 'Philips', NULL),
(1237, 'Photoshop', NULL),
(1238, 'Physicians Formula', NULL),
(1239, 'Picaroons Traditional Ales', NULL),
(1240, 'Piggly Wiggly', NULL),
(1241, 'Pillsbury', NULL),
(1242, 'Pilot (Honda)', NULL),
(1243, 'Pine-Sol', NULL),
(1244, 'Pioneer', NULL),
(1245, 'Pixar', NULL),
(1246, 'Pixy Stix', NULL),
(1247, 'Pizza 73', NULL),
(1248, 'Pizza Hut', NULL),
(1249, 'Pizza Pizza', NULL),
(1250, 'Pizza Rolls', NULL),
(1251, 'Planned Parenthood', NULL),
(1252, 'Planters', NULL),
(1253, 'Plavix', NULL),
(1254, 'Play-Doh', NULL),
(1255, 'Playboy', NULL),
(1256, 'PlaySkool', NULL),
(1257, 'PlayStation', NULL),
(1258, 'Playtex', NULL),
(1259, 'Pledge', NULL),
(1260, 'Plymouth', NULL),
(1261, 'PNC Financial', NULL),
(1262, 'Pokemon', NULL),
(1263, 'Polaroid', NULL),
(1264, 'Polly Pocket', NULL),
(1265, 'Polo Ralph Lauren', NULL),
(1266, 'Pond&rsquo;s', NULL),
(1267, 'Pontiac', NULL),
(1268, 'Pop-Tarts', NULL),
(1269, 'Pop Rocks', NULL),
(1270, 'Popeyes', NULL),
(1271, 'Porsche', NULL),
(1272, 'Porta Potti', NULL),
(1273, 'Post-it', NULL),
(1274, 'Pound Puppies', NULL),
(1275, 'Power Corp of Canada', NULL),
(1276, 'PowerBar', NULL),
(1277, 'Prada', NULL),
(1278, 'Prego', NULL),
(1279, 'Preparation H', NULL),
(1280, 'Presidents Choice', NULL),
(1281, 'Priceline', NULL),
(1282, 'Princess Cruises', NULL),
(1283, 'Proactiv', NULL),
(1284, 'Procter &amp; Gamble', NULL),
(1285, 'Progressive', NULL),
(1286, 'Progresso', NULL),
(1287, 'Project Eden', NULL),
(1288, 'Promise', NULL),
(1289, 'Propel', NULL),
(1290, 'Prozac', NULL),
(1291, 'Prudential', NULL),
(1292, 'Publishers Clearing House', NULL),
(1293, 'Publix', NULL),
(1294, 'Puffs', NULL),
(1295, 'Pull-Ups', NULL),
(1296, 'PUMA', NULL),
(1297, 'PUR', NULL),
(1298, 'Purell', NULL),
(1299, 'Purex', NULL),
(1300, 'Purina', NULL),
(1301, 'Pyrex', NULL),
(1302, 'Q-tips', NULL),
(1303, 'QNX', NULL),
(1304, 'Quaker', NULL),
(1305, 'Qualcomm', NULL),
(1306, 'Quality Inn', NULL),
(1307, 'Quattro (Schick)', NULL),
(1308, 'Quebecor', NULL),
(1309, 'Quest (Nissan)', NULL),
(1310, 'Quick Books', NULL),
(1311, 'Quicken', NULL),
(1312, 'Quicksilver', NULL),
(1313, 'Quilted Northern', NULL),
(1314, 'Quiznos', NULL),
(1315, 'Qwest', NULL),
(1316, 'QX56 (Infiniti)', NULL),
(1317, 'Radio Shack', NULL),
(1318, 'Radisson', NULL),
(1319, 'Ragstock', NULL),
(1320, 'Raid', NULL),
(1321, 'Rainbow Brite', NULL),
(1322, 'Raisinets', NULL),
(1323, 'Ram (Dodge)', NULL),
(1324, 'Range Rover (Land Rover)', NULL),
(1325, 'Ranger (Ford)', NULL),
(1326, 'Rav4 (Toyota)', NULL),
(1327, 'Rawlings', NULL),
(1328, 'Ray-Ban', NULL),
(1329, 'Rayovac', NULL),
(1330, 'Raytheon', NULL),
(1331, 'RAZR (Motorola)', NULL),
(1332, 'RCA', NULL),
(1333, 'RE/MAX', NULL),
(1334, 'Reader&rsquo;s Digest', NULL),
(1335, 'Rebel (Canon)', NULL),
(1336, 'Red Bull', NULL),
(1337, 'Red Cross', NULL),
(1338, 'Red Lobster', NULL),
(1339, 'Red Robin', NULL),
(1340, 'Red Rose Tea', NULL),
(1341, 'Reddi-wip', NULL),
(1342, 'Redken', NULL),
(1343, 'Reebok', NULL),
(1344, 'Reef', NULL),
(1345, 'Reese&rsquo;s', NULL),
(1346, 'Regent', NULL),
(1347, 'Reload', NULL),
(1348, 'Rembrandt', NULL),
(1349, 'Remington', NULL),
(1350, 'Renault', NULL),
(1351, 'Rent-A-Center', NULL),
(1352, 'Research in Motion', NULL),
(1353, 'resQ (Bayer)', NULL),
(1354, 'Reuters', NULL),
(1355, 'Revlon', NULL),
(1356, 'Reynolds', NULL),
(1357, 'Rhapsody', NULL),
(1358, 'Rice Krispies', NULL),
(1359, 'Rice-A-Roni', NULL),
(1360, 'Ricola', NULL),
(1361, 'Right Guard', NULL),
(1362, 'Rimmel', NULL),
(1363, 'Rio Tinto Alcan', NULL),
(1364, 'Rit', NULL),
(1365, 'Ritalin', NULL),
(1366, 'Rite Aid', NULL),
(1367, 'Ritz', NULL),
(1368, 'Ritz-Carlton', NULL),
(1369, 'RL (Acura)', NULL),
(1370, 'Road Runner', NULL),
(1371, 'Robins Donuts', NULL),
(1372, 'Robitussin', NULL),
(1373, 'Rockport', NULL),
(1374, 'RockStar Energy Drink', NULL),
(1375, 'Rogaine', NULL),
(1376, 'Rogers', NULL),
(1377, 'Rolaids', NULL),
(1378, 'Rolex', NULL),
(1379, 'Rollerblade', NULL),
(1380, 'Rolling Rock', NULL),
(1381, 'Rolodex', NULL),
(1382, 'Roots Canada', NULL),
(1383, 'Rose&rsquo;s', NULL),
(1384, 'Ross Stores', NULL),
(1385, 'Roundy&rsquo;s', NULL),
(1386, 'Routan (Volkswagen)', NULL),
(1387, 'Roxy', NULL),
(1388, 'Royal Bank of Canada', NULL),
(1389, 'Royal Bank of Scotland', NULL),
(1390, 'Royal Caribbean', NULL),
(1391, 'Rubbermaid', NULL),
(1392, 'Ruby Tuesday', NULL),
(1393, 'Ruffles', NULL),
(1394, 'Russel Stover', NULL),
(1395, 'RX330 (Lexus)', NULL),
(1396, 'S40 (Volvo)', NULL),
(1397, 'Saab', NULL),
(1398, 'Safe Auto Insurance', NULL),
(1399, 'Safeway', NULL),
(1400, 'Saks Fifth Avenue', NULL),
(1401, 'Sam Adams', NULL),
(1402, 'Sams Club', NULL),
(1403, 'Samsonite', NULL),
(1404, 'Samsung', NULL),
(1405, 'Sandals', NULL),
(1406, 'SanDisk', NULL),
(1407, 'Sandman Hotels', NULL),
(1408, 'Sanofi-Aventis', NULL),
(1409, 'Santander', NULL),
(1410, 'Sante Fe (Hyundai)', NULL),
(1411, 'Sanyo', NULL),
(1412, 'SAP', NULL),
(1413, 'Sara Lee', NULL),
(1414, 'Saturn', NULL),
(1415, 'Save-On-Foods', NULL),
(1416, 'Schick', NULL),
(1417, 'Scholastic', NULL),
(1418, 'Schooner Lager', NULL),
(1419, 'Schwan&rsquo;s', NULL),
(1420, 'Schwinn', NULL),
(1421, 'Science Diet', NULL),
(1422, 'Scion', NULL),
(1423, 'Scooter Store', NULL),
(1424, 'Scotch', NULL),
(1425, 'Scotch-Brite', NULL),
(1426, 'Scotchgard', NULL),
(1427, 'Scott', NULL),
(1428, 'Scottrade', NULL),
(1429, 'Scrabble', NULL),
(1430, 'Scrubbing Bubbles', NULL),
(1431, 'Sea World', NULL),
(1432, 'Seagram&rsquo;s', NULL),
(1433, 'Sealy', NULL),
(1434, 'Sean John', NULL),
(1435, 'Sears', NULL),
(1436, 'Seasonale', NULL),
(1437, 'Sebring (Chrysler)', NULL),
(1438, 'Secret', NULL),
(1439, 'Second Cup', NULL),
(1440, 'Sedona (Kia)', NULL),
(1441, 'Select Comfort', NULL),
(1442, 'Selsun Blue', NULL),
(1443, 'Sensodyne', NULL),
(1444, 'Sequoia (Toyota)', NULL),
(1445, 'Serta', NULL),
(1446, 'Sesame Street', NULL),
(1447, 'Seven Seas (Kraft)', NULL),
(1448, 'Shake &lsquo;n Bake', NULL),
(1449, 'Shane Co.', NULL),
(1450, 'Sharp', NULL),
(1451, 'Sharper Image', NULL),
(1452, 'Sharpie', NULL),
(1453, 'Shell', NULL),
(1454, 'Shell Canada', NULL),
(1455, 'Sheraton', NULL),
(1456, 'Sherlock Holmes', NULL),
(1457, 'Sherwin-Williams', NULL),
(1458, 'ShopNBC', NULL),
(1459, 'Shop Rite', NULL),
(1460, 'Shopko', NULL),
(1461, 'Shout', NULL),
(1462, 'Siemens', NULL),
(1463, 'Sienna (Toyota)', NULL),
(1464, 'Siera Mist', NULL),
(1465, 'Sierra (GMC)', NULL),
(1466, 'Silly Putty', NULL),
(1467, 'Silverado (Chevrolet)', NULL),
(1468, 'Similac', NULL),
(1469, 'Singapore Airlines', NULL),
(1470, 'Singles (Kraft)', NULL),
(1471, 'Sirius', NULL),
(1472, 'Six Apart', NULL),
(1473, 'Six Flags', NULL),
(1474, 'Skechers', NULL),
(1475, 'Skippy', NULL),
(1476, 'Skittles', NULL),
(1477, 'Skype', NULL),
(1478, 'Skyy', NULL),
(1479, 'Slim Jim', NULL),
(1480, 'Slim-Fast', NULL),
(1481, 'Slinky', NULL),
(1482, 'SLK (Mercedez-Benz)', NULL),
(1483, 'Slumberland', NULL),
(1484, 'Slurpee', NULL),
(1485, 'Smacks', NULL),
(1486, 'Smart', NULL),
(1487, 'Smart Ones', NULL),
(1488, 'Smart Start', NULL),
(1489, 'Smarties', NULL),
(1490, 'Smirnoff', NULL),
(1491, 'Smith &amp; Wesson', NULL),
(1492, 'Smucker&rsquo;s', NULL),
(1493, 'Snack Pack', NULL),
(1494, 'SnackWell&rsquo;s', NULL),
(1495, 'Snapple', NULL),
(1496, 'Snickers', NULL),
(1497, 'Snuggle', NULL),
(1498, 'SoBe', NULL),
(1499, 'Soft n Gentle', NULL),
(1500, 'Soft Batch', NULL),
(1501, 'Soft Scrub', NULL),
(1502, 'Softsoap', NULL),
(1503, 'Solara (Chevrolet)', NULL),
(1504, 'Sonata (Hyundai)', NULL),
(1505, 'Sonic', NULL),
(1506, 'Sonicare (Philips)', NULL),
(1507, 'Sony', NULL),
(1508, 'Sorento (Kia)', NULL),
(1509, 'South Park', NULL),
(1510, 'Southern Comfort', NULL),
(1511, 'Southwest Airlines', NULL),
(1512, 'SpaghettiOs', NULL),
(1513, 'SPAM', NULL),
(1514, 'Spanx', NULL),
(1515, 'Spark Notes', NULL),
(1516, 'Special K', NULL),
(1517, 'Spectra (Kia)', NULL),
(1518, 'Speed Stick', NULL),
(1519, 'Speedo', NULL),
(1520, 'Spinbrush (Crest)', NULL),
(1521, 'Splenda', NULL),
(1522, 'Sportage (Kia)', NULL),
(1523, 'Sportmart', NULL),
(1524, 'Sports Authority', NULL),
(1525, 'Sports Illustrated', NULL),
(1526, 'Spray &lsquo;n Wash', NULL),
(1527, 'Sprint', NULL),
(1528, 'Sprite', NULL),
(1529, 'Squirt', NULL),
(1530, 'SRX (Cadillac)', NULL),
(1531, 'St. Ive&rsquo;s', NULL),
(1532, 'Stain Stick', NULL),
(1533, 'StairMaster', NULL),
(1534, 'Stanley', NULL),
(1535, 'Stanley Black &amp; Decker', NULL),
(1536, 'Stanley Steemer', NULL),
(1537, 'Staples', NULL),
(1538, 'Star Wars', NULL),
(1539, 'Star-Kist', NULL),
(1540, 'Starbucks', NULL),
(1541, 'Starburst', NULL),
(1542, 'State Farm', NULL),
(1543, 'Steel Reserve', NULL),
(1544, 'Steelback Brewery', NULL),
(1545, 'Stella Artois', NULL),
(1546, 'Steve Madden', NULL),
(1547, 'Stouffer&rsquo;s', NULL),
(1548, 'Stove Top', NULL),
(1549, 'Stri-Dex', NULL),
(1550, 'Stride', NULL),
(1551, 'STS (Cadillac)', NULL),
(1552, 'Suave', NULL),
(1553, 'Subaru', NULL),
(1554, 'Subway', NULL),
(1555, 'Sucrets', NULL),
(1556, 'Sudafed', NULL),
(1557, 'Sun Chips', NULL),
(1558, 'Sunbeam', NULL),
(1559, 'Sunkist', NULL),
(1560, 'Sun Life Financial Services', NULL),
(1561, 'Suncor Energy', NULL),
(1562, 'Sunny Delight', NULL),
(1563, 'Sunoco', NULL),
(1564, 'Sunsilk', NULL),
(1565, 'Super 8', NULL),
(1566, 'Super Bowl', NULL),
(1567, 'Super Soaker', NULL),
(1568, 'SuperAmerica', NULL),
(1569, 'Supertest Petroleum', NULL),
(1570, 'Supervalu', NULL),
(1571, 'Sure', NULL),
(1572, 'Suzuki', NULL),
(1573, 'Swanson', NULL),
(1574, 'Swedish Fish', NULL),
(1575, 'Sweet&rsquo;n Low', NULL),
(1576, 'Swiffer', NULL),
(1577, 'Swiss Army', NULL),
(1578, 'Sylvan Learning Center', NULL),
(1579, 'Sylvania', NULL),
(1580, 'T Rowe Price', NULL),
(1581, 'T-Mobile', NULL),
(1582, 'T.G.I. Friday&rsquo;s', NULL),
(1583, 'T.J. Maxx', NULL),
(1584, 'Tabasco', NULL),
(1585, 'Taco Bell', NULL),
(1586, 'Tacoma (Toyota)', NULL),
(1587, 'Tahiti Village', NULL),
(1588, 'Tahoe (Chevrolet)', NULL),
(1589, 'Take5 (Hersheys)', NULL),
(1590, 'Talbots', NULL),
(1591, 'Talisman Energy', NULL),
(1592, 'Tang', NULL),
(1593, 'Tanqueray', NULL),
(1594, 'Target', NULL),
(1595, 'Taster&rsquo;s Choice', NULL),
(1596, 'Taurus (Ford)', NULL),
(1597, 'TBS', NULL),
(1598, 'Technicolor', NULL),
(1599, 'Teck Cominco', NULL),
(1600, 'Teflon', NULL),
(1601, 'Teleflora', NULL),
(1602, 'TELUS', NULL),
(1603, 'TempurPedic', NULL),
(1604, 'Terminix', NULL),
(1605, 'Tesco', NULL),
(1606, 'Teva', NULL),
(1607, 'Texaco', NULL),
(1608, 'Texas Instruments', NULL),
(1609, 'Textron', NULL),
(1610, 'The Buckle', NULL),
(1611, 'The North Face', NULL),
(1612, 'The Y', NULL),
(1613, 'The Yellow Pages', NULL),
(1614, 'Theraflu', NULL),
(1615, 'Thermacare', NULL),
(1616, 'Thermos', NULL),
(1617, 'Thesaurus.com', NULL),
(1618, 'Thighmaster', NULL),
(1619, 'ThinkPad (IBM)', NULL),
(1620, 'Thomasville', NULL),
(1621, 'Thomson', NULL),
(1622, 'Thomson Reuters', NULL),
(1623, 'TI-nspire (Texas Instruments)', NULL),
(1624, 'Tic Tac', NULL),
(1625, 'Ticketmaster', NULL),
(1626, 'Tide', NULL),
(1627, 'Tidy Cats', NULL),
(1628, 'Tiffany &amp; Co.', NULL),
(1629, 'Tilex', NULL),
(1630, 'Tim Hortons', NULL),
(1631, 'Timberland', NULL),
(1632, 'Time', NULL),
(1633, 'Time Warner', NULL),
(1634, 'Timex', NULL),
(1635, 'Titan (Nissan)', NULL),
(1636, 'TiVo', NULL),
(1637, 'TJX', NULL),
(1638, 'TLC', NULL),
(1639, 'TNT', NULL),
(1640, 'Toll House', NULL),
(1641, 'Tom Tom', NULL),
(1642, 'Tommy Hilfiger', NULL),
(1643, 'Tonka', NULL),
(1644, 'Tony Roma&rsquo;s', NULL),
(1645, 'Tootsie Roll', NULL),
(1646, 'Toronto-Dominion Bank', NULL),
(1647, 'Toshiba', NULL),
(1648, 'Tostitos', NULL),
(1649, 'Total (Crest)', NULL),
(1650, 'Total (General Mills)', NULL),
(1651, 'Totino&rsquo;s', NULL),
(1652, 'Town &amp; Country (Chrysler)', NULL),
(1653, 'Town Car (Lincoln)', NULL),
(1654, 'Town House', NULL),
(1655, 'Toy Story', NULL),
(1656, 'Toyota', NULL),
(1657, 'Toys &ldquo;R&rdquo; Us', NULL),
(1658, 'TOZ Rum', NULL),
(1659, 'TracFone', NULL),
(1660, 'Trader Joe&rsquo;s', NULL),
(1661, 'Trading Spaces', NULL),
(1662, 'Trailblazer (Chevrolet)', NULL),
(1663, 'Trans Canada', NULL),
(1664, 'Transitions Lenses', NULL),
(1665, 'Trapper Keeper', NULL),
(1666, 'Travelocity', NULL),
(1667, 'TraveLodge', NULL),
(1668, 'Traynor Amplifiers', NULL),
(1669, 'Tresemme', NULL),
(1670, 'Tribute (Mazda)', NULL),
(1671, 'Trident', NULL),
(1672, 'TrimSpa', NULL),
(1673, 'Triscuits', NULL),
(1674, 'Trivial Pursuit', NULL),
(1675, 'Trix', NULL),
(1676, 'Trojan', NULL),
(1677, 'Tropicana', NULL),
(1678, 'True Value', NULL),
(1679, 'Tucson (Hyundai)', NULL),
(1680, 'Tums', NULL),
(1681, 'Tuna Helper', NULL),
(1682, 'Tundra (Toyotal)', NULL),
(1683, 'Tupperware', NULL),
(1684, 'TurboTax', NULL),
(1685, 'Turtle Wax', NULL),
(1686, 'TV Guide', NULL),
(1687, 'TWA', NULL),
(1688, 'Twinkies', NULL),
(1689, 'Twitter', NULL),
(1690, 'Twix', NULL),
(1691, 'Twizzlers', NULL),
(1692, 'Tyco', NULL),
(1693, 'Tylenol', NULL),
(1694, 'Tyson', NULL),
(1695, 'U-Haul', NULL),
(1696, 'U.S. Air Force', NULL),
(1697, 'U.S. Airways', NULL),
(1698, 'U.S. Army', NULL),
(1699, 'U.S. Bancorp', NULL),
(1700, 'U.S. Marines', NULL),
(1701, 'U.S. Navy', NULL),
(1702, 'UBS', NULL),
(1703, 'UGG', NULL),
(1704, 'Ultra Brite', NULL),
(1705, 'Ultra Plush (Quilted Northern)', NULL),
(1706, 'Uncle Ben&rsquo;s', NULL),
(1707, 'Under Armour', NULL),
(1708, 'Unilever', NULL),
(1709, 'Union Pacific', NULL),
(1710, 'United Airlines', NULL),
(1711, 'United Parcel Service', NULL),
(1712, 'United Technologies', NULL),
(1713, 'United Way', NULL),
(1714, 'UnitedHealth Group', NULL),
(1715, 'Universal Studios', NULL),
(1716, 'University Games', NULL),
(1717, 'Uno', NULL),
(1718, 'Up &amp; Up (Target)', NULL),
(1719, 'UPS', NULL),
(1720, 'Urban Outfitters', NULL),
(1721, 'USA Today', NULL),
(1722, 'USPS', NULL),
(1723, 'V05', NULL),
(1724, 'V8', NULL),
(1725, 'Vagisil', NULL),
(1726, 'Valero Energy', NULL),
(1727, 'Valtrex', NULL),
(1728, 'Valvoline', NULL),
(1729, 'Vanguard Group', NULL),
(1730, 'Vanity Fair', NULL),
(1731, 'Vans', NULL),
(1732, 'VapoRub', NULL),
(1733, 'Vaseline', NULL),
(1734, 'Velcro', NULL),
(1735, 'Velveeta', NULL),
(1736, 'Verizon', NULL),
(1737, 'Vespa', NULL),
(1738, 'Viacom', NULL),
(1739, 'Viagra', NULL),
(1740, 'Vicks', NULL),
(1741, 'Vicodin', NULL),
(1742, 'Victoria&rsquo;s Secret', NULL),
(1743, 'Victrex', NULL),
(1744, 'Vidal Sassoon', NULL),
(1745, 'Viper (Dodge)', NULL),
(1746, 'Virgin', NULL),
(1747, 'Virginia Slims', NULL),
(1748, 'Visa', NULL),
(1749, 'Vizio', NULL),
(1750, 'Vlasic', NULL),
(1751, 'Vodafone', NULL),
(1752, 'Vogue', NULL),
(1753, 'Volkswagen', NULL),
(1754, 'Volvo', NULL),
(1755, 'Von Dutch', NULL),
(1756, 'Vonage', NULL),
(1757, 'Voyage', NULL),
(1758, 'Vue (Saturn)', NULL),
(1759, 'Waldenbooks', NULL),
(1760, 'Walgreens', NULL),
(1761, 'WalMart', NULL),
(1762, 'Walt Disney', NULL),
(1763, 'WaMu', NULL),
(1764, 'Warner Brothers', NULL),
(1765, 'Wave Runner', NULL),
(1766, 'WB', NULL),
(1767, 'WD-40', NULL),
(1768, 'WebMD', NULL),
(1769, 'Weed Eater', NULL),
(1770, 'Weight Watchers', NULL),
(1771, 'Welch&rsquo;s', NULL),
(1772, 'WellPoint', NULL),
(1773, 'Wells Fargo', NULL),
(1774, 'Wendy&rsquo;s', NULL),
(1775, 'Wesson', NULL),
(1776, 'Western Union', NULL),
(1777, 'Westin Hotels', NULL),
(1778, 'Westinghouse', NULL),
(1779, 'WestJet', NULL),
(1780, 'Wet Jet (Swiffer)', NULL),
(1781, 'Wet Ones', NULL),
(1782, 'What-cha-ma-call-it', NULL),
(1783, 'Wheat Thins', NULL),
(1784, 'Wheatables', NULL),
(1785, 'Wheaties', NULL),
(1786, 'Whirlpool', NULL),
(1787, 'Whiskas', NULL),
(1788, 'Whitestrips (Crest)', NULL),
(1789, 'Whole Foods Markets', NULL),
(1790, 'WigWam', NULL),
(1791, 'Williams-Sonoma', NULL),
(1792, 'Winchester', NULL),
(1793, 'Windex', NULL),
(1794, 'Winn-Dixie', NULL),
(1795, 'Winston', NULL),
(1796, 'Winterfresh', NULL),
(1797, 'Wish-Bone', NULL),
(1798, 'Wite-Out', NULL),
(1799, 'Wonderbra', NULL),
(1800, 'Woolite', NULL),
(1801, 'Woolworth', NULL),
(1802, 'World Wildlife Fund', NULL),
(1803, 'Wrangler', NULL),
(1804, 'Wrangler (Jeep)', NULL),
(1805, 'Wrigley&rsquo;s', NULL),
(1806, 'Wrx (Subaru)', NULL),
(1807, 'WWE', NULL),
(1808, 'Wyeth', NULL),
(1809, 'X5 (BMW)', NULL),
(1810, 'X6 (BMW)', NULL),
(1811, 'XF (Jaguar)', NULL),
(1812, 'X-Acto', NULL),
(1813, 'X-Factor (Gatorade)', NULL),
(1814, 'X-Files', NULL),
(1815, 'X-Men', NULL),
(1816, 'Xandros', NULL),
(1817, 'Xbox', NULL),
(1818, 'Xcel Energy', NULL),
(1819, 'XC90 (Volvo)', NULL),
(1820, 'Xerox', NULL),
(1821, 'Xhilaration', NULL),
(1822, 'XM Radio', NULL),
(1823, 'Xterra (Nissan)', NULL),
(1824, 'Xypex', NULL),
(1825, 'Yahoo!', NULL),
(1826, 'Yahtzee', NULL),
(1827, 'Yamaha', NULL),
(1828, 'Yasmin', NULL),
(1829, 'Yellow Book (Yellow Pages)', NULL),
(1830, 'Yellow Pages', NULL),
(1831, 'Yellow Tail', NULL),
(1832, 'Yoo-hoo', NULL),
(1833, 'Yoplait', NULL),
(1834, 'York', NULL),
(1835, 'YouTube', NULL),
(1836, 'Yukon (GMC)', NULL),
(1837, 'Yum Brands', NULL),
(1838, 'Zales Jewelry', NULL),
(1839, 'Zamboni', NULL),
(1840, 'Zantac', NULL),
(1841, 'Zappos', NULL),
(1842, 'Zara', NULL),
(1843, 'Zellers', NULL),
(1844, 'Zenith', NULL),
(1845, 'Zimmer', NULL),
(1846, 'Ziploc', NULL),
(1847, 'Zippo', NULL),
(1848, 'Zodac', NULL),
(1849, 'Zoloft', NULL),
(1850, 'Zurich', NULL),
(1851, 'Zyrtec', NULL),
(1852, '361', NULL),
(1853, '85', NULL),
(1854, 'Aavin', NULL),
(1855, 'Advantech', NULL),
(1856, 'Affin Bank', NULL),
(1857, 'Agricultural Bank of China', NULL),
(1858, 'Air China', NULL),
(1859, 'Air India', NULL),
(1860, 'AirAsia', NULL),
(1861, 'Airtel', NULL),
(1862, 'AIS', NULL),
(1863, 'Aji Ichiban', NULL),
(1864, 'Ajinomoto', NULL),
(1865, 'Ajisen Ramen', NULL),
(1866, 'Alibaba', NULL),
(1867, 'Ality', NULL),
(1868, 'Alliance Bank', NULL),
(1869, 'Ambank', NULL),
(1870, 'Amoy Food', NULL),
(1871, 'Amul', NULL),
(1872, 'Anta', NULL),
(1873, 'Apollo', NULL),
(1874, 'Arirang', NULL),
(1875, 'Arun', NULL),
(1876, 'Asiana Airlines', NULL),
(1877, 'Asics', NULL),
(1878, 'Astra International', NULL),
(1879, 'Astro', NULL),
(1880, 'Asus', NULL),
(1881, 'Axis Bank', NULL),
(1882, 'Baby Mild', NULL),
(1883, 'Baidu', NULL),
(1884, 'Bajaj', NULL),
(1885, 'Baleno', NULL),
(1886, 'Bank of Communications', NULL),
(1887, 'Bank of East Asia', NULL),
(1888, 'Banyan Tree Holdings', NULL),
(1889, 'Big Bazaar', NULL),
(1890, 'Blue Dart', NULL),
(1891, 'Bohae', NULL),
(1892, 'Bonia', NULL),
(1893, 'Boomer', NULL),
(1894, 'BPCL', NULL),
(1895, 'BreadTalk Group', NULL),
(1896, 'Bright', NULL),
(1897, 'Brother', NULL),
(1898, 'Busan Bank', NULL),
(1899, 'BYD', NULL),
(1900, 'Cafe Coffee Day', NULL),
(1901, 'Cafe de Coral', NULL),
(1902, 'Cass', NULL),
(1903, 'Cathay Pacific', NULL),
(1904, 'Ceat', NULL),
(1905, 'Celcom', NULL),
(1906, 'Center Fresh', NULL),
(1907, 'Chang Beer', NULL),
(1908, 'Changyu', NULL),
(1909, 'Cheung Kong Holdings', NULL),
(1910, 'Chimei', NULL),
(1911, 'China Citic Bank', NULL),
(1912, 'China Construction Bank', NULL),
(1913, 'China Eastern', NULL),
(1914, 'China Life', NULL),
(1915, 'China Light and Power', NULL),
(1916, 'China Merchants Bank', NULL),
(1917, 'China Mobile', NULL),
(1918, 'China Southern Airlines', NULL),
(1919, 'China Telecom', NULL),
(1920, 'China Unicom', NULL),
(1921, 'Chinachem Group', NULL),
(1922, 'Chunghwa Telecom Co', NULL),
(1923, 'CIMB', NULL),
(1924, 'Citics', NULL),
(1925, 'City Telecom', NULL),
(1926, 'city&rsquo;super', NULL),
(1927, 'CJ', NULL),
(1928, 'Clinic', NULL),
(1929, 'CMBC', NULL),
(1930, 'CPIC', NULL),
(1931, 'Crocodile Garments', NULL),
(1932, 'Crown', NULL),
(1933, 'CRSanjiu', NULL),
(1934, 'Crystal Spring Tea', NULL);
INSERT INTO `vs_brands` (`BrandID`, `BrandName`, `BrandName2`) VALUES
(1935, 'Ctrip', NULL),
(1936, 'CyberLink', NULL),
(1937, 'D-Link', NULL),
(1938, 'Dabur', NULL),
(1939, 'Daikin', NULL),
(1940, 'Darlie', NULL),
(1941, 'DBS Bank', NULL),
(1942, 'Delta', NULL),
(1943, 'Depo', NULL),
(1944, 'DiGi', NULL),
(1945, 'Dragonair', NULL),
(1946, 'Drpers', NULL),
(1947, 'DTDC', NULL),
(1948, 'Dusit Thani', NULL),
(1949, 'Dutch Lady', NULL),
(1950, 'EVA Air', NULL),
(1951, 'Fair and Handsome', NULL),
(1952, 'Flextronics', NULL),
(1953, 'Frooti', NULL),
(1954, 'Fujitsu', NULL),
(1955, 'Fulinmen', NULL),
(1956, 'G2000', NULL),
(1957, 'Gammon Construction', NULL),
(1958, 'Genius', NULL),
(1959, 'Genting', NULL),
(1960, 'Giant', NULL),
(1961, 'Gigabyte', NULL),
(1962, 'Giordano International Limited', NULL),
(1963, 'Godrej', NULL),
(1964, 'Gold Flake', NULL),
(1965, 'Golden Harvest', NULL),
(1966, 'Gome', NULL),
(1967, 'Gree', NULL),
(1968, 'Green Island Cement', NULL),
(1969, 'Group Sense PDA', NULL),
(1970, 'Hainan Airlines', NULL),
(1971, 'Haldiram', NULL),
(1972, 'Hana Bank', NULL),
(1973, 'Hang Seng Bank', NULL),
(1974, 'Hanjin', NULL),
(1975, 'Hankook', NULL),
(1976, 'Hansol', NULL),
(1977, 'Haywards', NULL),
(1978, 'HDFC Bank', NULL),
(1979, 'Hero Honda', NULL),
(1980, 'Heungkuk', NULL),
(1981, 'Himalaya', NULL),
(1982, 'Hitachi', NULL),
(1983, 'Hitejinro', NULL),
(1984, 'HKR International', NULL),
(1985, 'Hollys Coffee', NULL),
(1986, 'Hong Kong Airlines', NULL),
(1987, 'Hong Kong Link', NULL),
(1988, 'Hong Leong Bank', NULL),
(1989, 'Hopewell Holdings', NULL),
(1990, 'HTC', NULL),
(1991, 'Hua Xia Bank', NULL),
(1992, 'Hutchison Whampoa', NULL),
(1993, 'Hyflux', NULL),
(1994, 'Hynix', NULL),
(1995, 'IBK', NULL),
(1996, 'ICBC', NULL),
(1997, 'ICICI Bank', NULL),
(1998, 'IFB', NULL),
(1999, 'Indian Oil Corporation', NULL),
(2000, 'Industrial Bank', NULL),
(2001, 'Interpark', NULL),
(2002, 'IOPE', NULL),
(2003, 'ITC', NULL),
(2004, 'Jardine Matheson Holdings', NULL),
(2005, 'Jet', NULL),
(2006, 'JobStreet.com', NULL),
(2007, 'Johnson', NULL),
(2008, 'KBS', NULL),
(2009, 'KEB', NULL),
(2010, 'Kelvinator', NULL),
(2011, 'KGI', NULL),
(2012, 'Kikkoman', NULL),
(2013, 'Kingfisher', NULL),
(2014, 'Kinley', NULL),
(2015, 'Kissan', NULL),
(2016, 'Komatsu', NULL),
(2017, 'Konica Minolta', NULL),
(2018, 'Kookmin Bank', NULL),
(2019, 'Korean Air', NULL),
(2020, 'KT', NULL),
(2021, 'Kumho', NULL),
(2022, 'Kurnia', NULL),
(2023, 'Kwality', NULL),
(2024, 'Kyobo', NULL),
(2025, 'Lakme', NULL),
(2026, 'Lane Crawford', NULL),
(2027, 'Lane', NULL),
(2028, 'Lee Kim Kee', NULL),
(2029, 'Lenovo', NULL),
(2030, 'Leo Beer', NULL),
(2031, 'Li &amp; Fung', NULL),
(2032, 'Li-Ning', NULL),
(2033, 'LIC', NULL),
(2034, 'Lik Sang', NULL),
(2035, 'Lili Diamonds', NULL),
(2036, 'Luzhou Laojiao', NULL),
(2037, 'Malaysia Airline', NULL),
(2038, 'Malee', NULL),
(2039, 'Mamonde', NULL),
(2040, 'Maruti', NULL),
(2041, 'Master Kong', NULL),
(2042, 'Maxim&rsquo;s Catering', NULL),
(2043, 'Maxxis', NULL),
(2044, 'Maybank', NULL),
(2045, 'Mengniu', NULL),
(2046, 'Merida', NULL),
(2047, 'Metersbonwe', NULL),
(2048, 'Metro', NULL),
(2049, 'Midea', NULL),
(2050, 'Milkis', NULL),
(2051, 'More', NULL),
(2052, 'Mother Dairy', NULL),
(2053, 'Moutai', NULL),
(2054, 'Mr. Juicy', NULL),
(2055, 'Myojo', NULL),
(2056, 'Nanyang Commercial Bank', NULL),
(2057, 'Naraya', NULL),
(2058, 'Nippon Paint', NULL),
(2059, 'Nomura', NULL),
(2060, 'NTUC Fairprice', NULL),
(2061, 'Ocean Park', NULL),
(2062, 'Onida', NULL),
(2063, 'Orion', NULL),
(2064, 'Osim', NULL),
(2065, 'Ottogi', NULL),
(2066, 'Outblaze', NULL),
(2067, 'Pacific Coffee Company', NULL),
(2068, 'Pacsafe', NULL),
(2069, 'Padini', NULL),
(2070, 'Park Avenue', NULL),
(2071, 'PARKnSHOP', NULL),
(2072, 'Parkson', NULL),
(2073, 'Parle', NULL),
(2074, 'PCCW', NULL),
(2075, 'Perodua', NULL),
(2076, 'PetroChina', NULL),
(2077, 'Petronas', NULL),
(2078, 'Ping An', NULL),
(2079, 'Pompui', NULL),
(2080, 'POSCO', NULL),
(2081, 'Premier', NULL),
(2082, 'PTT', NULL),
(2083, 'Public Bank', NULL),
(2084, 'Qorison', NULL),
(2085, 'Quake', NULL),
(2086, 'Raoul', NULL),
(2087, 'Raymonds', NULL),
(2088, 'Renren', NULL),
(2089, 'RHB Bank', NULL),
(2090, 'Ricoh', NULL),
(2091, 'Rin', NULL),
(2092, 'seoul Milk', NULL),
(2093, 'septwolves', NULL),
(2094, 'shanghai Tang', NULL),
(2095, 'shangri-La', NULL),
(2096, 'shimano', NULL),
(2097, 'shinhan Bank', NULL),
(2098, 'shinsegae', NULL),
(2099, 'shiseido', NULL),
(2100, 'shuanghui', NULL),
(2101, 'sime Darby', NULL),
(2102, 'sin Chew', NULL),
(2103, 'sina', NULL),
(2104, 'singha', NULL),
(2105, 'singTel', NULL),
(2106, 'sinopec', NULL),
(2107, 'sK Telecom', NULL),
(2108, 'sKC', NULL),
(2109, 'skin Food', NULL),
(2110, 'snow', NULL),
(2111, 'sohu', NULL),
(2112, 'sokenbicha', NULL),
(2113, 'spa Espirit Group', NULL),
(2114, 'sPD Bank', NULL),
(2115, 'spencer', NULL),
(2116, 'springland International', NULL),
(2117, 'starHub', NULL),
(2118, 'state Bank of India (SBI) Bank', NULL),
(2119, 'straits Times', NULL),
(2120, 'suning', NULL),
(2121, 'sunway City', NULL),
(2122, 'synnex', NULL),
(2123, 'Taj', NULL),
(2124, 'Taj Mahal Tea', NULL),
(2125, 'Tanishq', NULL),
(2126, 'Tata', NULL),
(2127, 'Team and Concepts Limited', NULL),
(2128, 'Tencent', NULL),
(2129, 'Thai Express', NULL),
(2130, 'The Oriental Bangkok', NULL),
(2131, 'The Peninsula', NULL),
(2132, 'The Professional Couriers', NULL),
(2133, 'The Star', NULL),
(2134, 'Thums Up', NULL),
(2135, 'Tipco', NULL),
(2136, 'Titan', NULL),
(2137, 'TOM Group', NULL),
(2138, 'Tong Ren Tang', NULL),
(2139, 'Transcend', NULL),
(2140, 'Trend Micro', NULL),
(2141, 'Tsingtao', NULL),
(2142, 'Tung Lok Group', NULL),
(2143, 'TV3', NULL),
(2144, 'TVS', NULL),
(2145, 'TWG Tea Company', NULL),
(2146, 'Uni-President', NULL),
(2147, 'Unicharm', NULL),
(2148, 'Videocon', NULL),
(2149, 'Vita Green Health', NULL),
(2150, 'Vitasoy', NULL),
(2151, 'VTech', NULL),
(2152, 'Want-Want', NULL),
(2153, 'Watsons Water', NULL),
(2154, 'Wing Hang Bank', NULL),
(2155, 'Wing Lung Bank', NULL),
(2156, 'Wing Wah', NULL),
(2157, 'WisePower', NULL),
(2158, 'Woodland', NULL),
(2159, 'Wooribank', NULL),
(2160, 'Wu Liang Ye', NULL),
(2161, 'Wuliangye', NULL),
(2162, 'XFX', NULL),
(2163, 'Xilence', NULL),
(2164, 'Xigmatek', NULL),
(2165, 'Yanjing Beer', NULL),
(2166, 'Yili', NULL),
(2167, 'YTL', NULL),
(2168, 'YTN', NULL),
(2169, 'Yum Yum!', NULL),
(2170, 'Yunnan Baiyao', NULL),
(2171, 'ZIC', NULL),
(2172, 'ZyXE', NULL),
(2173, 'ABB', NULL),
(2174, 'A|Wear', NULL),
(2175, 'Aalberts Industries', NULL),
(2176, 'ABN Amro', NULL),
(2177, 'Accell Group', NULL),
(2178, 'ACE', NULL),
(2179, 'Acne', NULL),
(2180, 'Acropolis Rally', NULL),
(2181, 'Actimel', NULL),
(2182, 'Activia', NULL),
(2183, 'Adecco', NULL),
(2184, 'Aegean Airlines', NULL),
(2185, 'Aegon', NULL),
(2186, 'Agip', NULL),
(2187, 'Air France', NULL),
(2188, 'Airbus', NULL),
(2189, 'AkzoNobel', NULL),
(2190, 'Albert Heijn', NULL),
(2191, 'Alcatel', NULL),
(2192, 'Alfa Romeo', NULL),
(2193, 'Alitalia', NULL),
(2194, 'Alpine Bau', NULL),
(2195, 'Alsa', NULL),
(2196, 'Alumet', NULL),
(2197, 'AMG', NULL),
(2198, 'Amstel', NULL),
(2199, 'Andritz', NULL),
(2200, 'ANT1 Group', NULL),
(2201, 'Apivit', NULL),
(2202, 'Apivita', NULL),
(2203, 'Aprilla', NULL),
(2204, 'Aral', NULL),
(2205, 'Arcadis', NULL),
(2206, 'ArcelorMittal', NULL),
(2207, 'Arcon', NULL),
(2208, 'Ariston', NULL),
(2209, 'Arla', NULL),
(2210, 'ASM International', NULL),
(2211, 'Aston Martin', NULL),
(2212, 'Auchan', NULL),
(2213, 'Autogrill', NULL),
(2214, 'Aviva', NULL),
(2215, 'Avonmore', NULL),
(2216, 'Azercell', NULL),
(2217, 'Badoit', NULL),
(2218, 'Bally', NULL),
(2219, 'Baloise', NULL),
(2220, 'Banco Popular', NULL),
(2221, 'Bang &amp; Olufsen', NULL),
(2222, 'Bank of Greece', NULL),
(2223, 'Barilla', NULL),
(2224, 'Baron Otard Cognacs', NULL),
(2225, 'Barry&rsquo;s Tea', NULL),
(2226, 'BASDF SE', NULL),
(2227, 'BASF', NULL),
(2228, 'BBVA', NULL),
(2229, 'Beeline', NULL),
(2230, 'Beiersdorf', NULL),
(2231, 'Belgacom', NULL),
(2232, 'Benetton', NULL),
(2233, 'Bertolli Olive Oil', NULL),
(2234, 'Bitburger', NULL),
(2235, 'Bj', NULL),
(2236, 'Blancpain', NULL),
(2237, 'Blaupunkt', NULL),
(2238, 'Blumarine', NULL),
(2239, 'BNP Paribas', NULL),
(2240, 'B', NULL),
(2241, 'Bonduelle', NULL),
(2242, 'Borealis', NULL),
(2243, 'Bottega Veneta', NULL),
(2244, 'Boucheron', NULL),
(2245, 'Bouygues Telecom', NULL),
(2246, 'Brabus', NULL),
(2247, 'Breitling', NULL),
(2248, 'Brennan&rsquo;s', NULL),
(2249, 'Brequet', NULL),
(2250, 'Brioni', NULL),
(2251, 'British Sky Broadcasting Group plc', NULL),
(2252, 'Brugse Straffe Hendrik', NULL),
(2253, 'Bugatti', NULL),
(2254, 'Bulgari', NULL),
(2255, 'Bulmers', NULL),
(2256, 'Bush', NULL),
(2257, 'Bushmills Irish Whiskey', NULL),
(2258, 'C&amp;A', NULL),
(2259, 'Cacharel', NULL),
(2260, 'Caffarel', NULL),
(2261, 'Campari', NULL),
(2262, 'Camus', NULL),
(2263, 'Canal Plus', NULL),
(2264, 'Candy', NULL),
(2265, 'CAP Gemini', NULL),
(2266, 'Carlsberg', NULL),
(2267, 'Carnegie', NULL),
(2268, 'Carnini', NULL),
(2269, 'Carrefour', NULL),
(2270, 'Carroten', NULL),
(2271, 'Carte Noire', NULL),
(2272, 'Cascina Verdesole', NULL),
(2273, 'Casino', NULL),
(2274, 'Castablast', NULL),
(2275, 'Celia', NULL),
(2276, 'C', NULL),
(2277, 'Centrale Latte Roma', NULL),
(2278, 'Cerruti', NULL),
(2279, 'Chaumet', NULL),
(2280, 'Cheap Monday', NULL),
(2281, 'Chicco', NULL),
(2282, 'Chimay', NULL),
(2283, 'Chlo', NULL),
(2284, 'Chupa Chups', NULL),
(2285, 'Cif', NULL),
(2286, 'Cinzano Vermouth', NULL),
(2287, 'Citro', NULL),
(2288, 'CNP Assurances', NULL),
(2289, 'Co-op', NULL),
(2290, 'Cocomat', NULL),
(2291, 'Cointreau', NULL),
(2292, 'Colavita', NULL),
(2293, 'Colryut', NULL),
(2294, 'Commerzbank', NULL),
(2295, 'Continental', NULL),
(2296, 'Corsendonk Pater Noster', NULL),
(2297, 'Cosmote', NULL),
(2298, 'Credit Agricole', NULL),
(2299, 'Credit Mutual', NULL),
(2300, 'Daimler', NULL),
(2301, 'Dallmayr', NULL),
(2302, 'Danske Bank', NULL),
(2303, 'Davidoff', NULL),
(2304, 'De Koninck', NULL),
(2305, 'De&rsquo;Longhi', NULL),
(2306, 'Deborah Milano', NULL),
(2307, 'deGrisogono', NULL),
(2308, 'Delirium Tremens', NULL),
(2309, 'Delta Lloyd Group', NULL),
(2310, 'Delta Projects', NULL),
(2311, 'Deutsche Post', NULL),
(2312, 'Dexia', NULL),
(2313, 'DHL Express', NULL),
(2314, 'Diadora', NULL),
(2315, 'Disaronno', NULL),
(2316, 'Divella', NULL),
(2317, 'Dom Preignon', NULL),
(2318, 'Doux', NULL),
(2319, 'Dr. Denim Jeansmakers', NULL),
(2320, 'Dr. Oetker', NULL),
(2321, 'Dragon Bleu', NULL),
(2322, 'Draka', NULL),
(2323, 'DSM', NULL),
(2324, 'Ducati', NULL),
(2325, 'DZ Bank AG', NULL),
(2326, 'E.Leclerc', NULL),
(2327, 'E.ON', NULL),
(2328, 'Easy Jet', NULL),
(2329, '', NULL),
(2330, 'EDF Electric', NULL),
(2331, 'EFG Bank', NULL),
(2332, 'El Corte Ingl', NULL),
(2333, 'Elevit', NULL),
(2334, 'Elf', NULL),
(2335, 'Elion', NULL),
(2336, 'Ellininki Radiofonia Tileoriasi', NULL),
(2337, 'Elvo', NULL),
(2338, 'Emporiki Bank', NULL),
(2339, 'Emt', NULL),
(2340, 'ENBW', NULL),
(2341, 'Eni S.p.A.', NULL),
(2342, 'Ergon S.A.', NULL),
(2343, 'Ericsson', NULL),
(2344, 'Ermenegildo Zegna', NULL),
(2345, 'Ernst &amp; Young', NULL),
(2346, 'Erste Group', NULL),
(2347, 'Esp', NULL),
(2348, 'Estrella Damm', NULL),
(2349, 'Etienne Aigner', NULL),
(2350, 'Etos', NULL),
(2351, 'Evga S.A.', NULL),
(2352, 'Fage', NULL),
(2353, 'Fashion TV', NULL),
(2354, 'Feldschlosschen', NULL),
(2355, 'Ferrero', NULL),
(2356, 'Fifth Avenue Show Repair', NULL),
(2357, 'Filippa K', NULL),
(2358, 'Fischer', NULL),
(2359, 'Flahavan&rsquo;s', NULL),
(2360, 'Florena', NULL),
(2361, 'Folli Follie', NULL),
(2362, 'Food Lion', NULL),
(2363, 'Fortis', NULL),
(2364, 'France Telecom', NULL),
(2365, 'Franck Muller', NULL),
(2366, 'Franprix', NULL),
(2367, 'Freeserve', NULL),
(2368, 'Fresenius Medical Care', NULL),
(2369, 'Friesland Bank', NULL),
(2370, 'Fuchs', NULL),
(2371, 'Gagfah', NULL),
(2372, 'Galbani', NULL),
(2373, 'Gall &amp; Gall', NULL),
(2374, 'Gallina Blanca', NULL),
(2375, 'GAS', NULL),
(2376, 'Gauloises', NULL),
(2377, 'Geniki Bank', NULL),
(2378, 'Geocell', NULL),
(2379, 'Geox', NULL),
(2380, 'Gianfranco Ferre', NULL),
(2381, 'Givenchy', NULL),
(2382, 'Glash', NULL),
(2383, 'Goody&rsquo;s', NULL),
(2384, 'Gouden Carolus', NULL),
(2385, 'Granini', NULL),
(2386, 'Greenpeace', NULL),
(2387, 'Gruppo Generali', NULL),
(2388, 'Guerlain', NULL),
(2389, 'Gueuze', NULL),
(2390, 'Guylian', NULL),
(2391, 'Halifax', NULL),
(2392, 'Haribo', NULL),
(2393, 'Harp', NULL),
(2394, 'Hasser', NULL),
(2395, 'Heijamns', NULL),
(2396, 'Hellenic Petroleum', NULL),
(2397, 'Henkel', NULL),
(2398, 'Hennes', NULL),
(2399, 'Hercules', NULL),
(2400, 'Herm', NULL),
(2401, 'Hoegaarden', NULL),
(2402, 'Hofer', NULL),
(2403, 'Holcim', NULL),
(2404, 'Holsten', NULL),
(2405, 'Hovis', NULL),
(2406, 'Hublot', NULL),
(2407, 'Hunter Douglas', NULL),
(2408, 'HypoVereinsbank', NULL),
(2409, 'Iberia', NULL),
(2410, 'Ideal Bikes', NULL),
(2411, 'Illy', NULL),
(2412, 'Imtech', NULL),
(2413, 'In.gr', NULL),
(2414, 'Inalca', NULL),
(2415, 'Indesit', NULL),
(2416, 'Innocent', NULL),
(2417, 'Inter', NULL),
(2418, 'Intermarch', NULL),
(2419, 'Intesa Sanpaolo', NULL),
(2420, 'Intracom', NULL),
(2421, 'Intralot', NULL),
(2422, 'Ion', NULL),
(2423, 'Iveco', NULL),
(2424, 'IWC', NULL),
(2425, 'J. Lindeberg', NULL),
(2426, 'Jabra', NULL),
(2427, 'Jaeger-Le Coultre', NULL),
(2428, 'J', NULL),
(2429, 'John Lewis', NULL),
(2430, 'Jumbo S.A.', NULL),
(2431, 'Juventus', NULL),
(2432, 'Jyske Bank', NULL),
(2433, 'Kappa', NULL),
(2434, 'K', NULL),
(2435, 'KBC', NULL),
(2436, 'Kcel', NULL),
(2437, 'Keemann', NULL),
(2438, 'Keglevich', NULL),
(2439, 'Kelkoo', NULL),
(2440, 'Keuhne + Nagel', NULL),
(2441, 'Knorr', NULL),
(2442, 'Korres', NULL),
(2443, 'Kotsovolos', NULL),
(2444, 'KPMG', NULL),
(2445, 'Kriek', NULL),
(2446, 'Krombacher', NULL),
(2447, 'Kronenbourg1664', NULL),
(2448, 'Krug', NULL),
(2449, 'Kuemmerling', NULL),
(2450, 'Kuhne', NULL),
(2451, 'Kwak', NULL),
(2452, 'L&rsquo;Occitane', NULL),
(2453, 'L&rsquo;Oreal', NULL),
(2454, 'La Caixa', NULL),
(2455, 'La Chouffe', NULL),
(2456, 'Lactalis', NULL),
(2457, 'Lactis', NULL),
(2458, 'Lambic', NULL),
(2459, 'Lancia', NULL),
(2460, 'Lanc', NULL),
(2461, 'LavAzza', NULL),
(2462, 'Lavipharm', NULL),
(2463, 'Lazzaroni', NULL),
(2464, 'Le Cr', NULL),
(2465, 'Le Figaro', NULL),
(2466, 'Le Monde', NULL),
(2467, 'Leader Price', NULL),
(2468, 'Leffe', NULL),
(2469, 'Legrand', NULL),
(2470, 'Leonida', NULL),
(2471, 'Leroy Merlin', NULL),
(2472, 'Lidl', NULL),
(2473, 'Liebherr', NULL),
(2474, 'Lindt', NULL),
(2475, 'Liqui Moly', NULL),
(2476, 'Lloyds TSB', NULL),
(2477, 'Locatelli', NULL),
(2478, 'Logitech', NULL),
(2479, 'London Stock Exchange', NULL),
(2480, 'Longines', NULL),
(2481, 'Lotto Sport Italia', NULL),
(2482, 'L', NULL),
(2483, 'Lufthansa', NULL),
(2484, 'Lux', NULL),
(2485, 'Luxardo', NULL),
(2486, 'Luxottica', NULL),
(2487, 'Lycos', NULL),
(2488, 'M&amp;S', NULL),
(2489, 'Macrovita', NULL),
(2490, 'Maersk', NULL),
(2491, 'Maggi', NULL),
(2492, 'Magnit', NULL),
(2493, 'Mahou', NULL),
(2494, 'MAN', NULL),
(2495, 'Mandarina Duck', NULL),
(2496, 'Mango', NULL),
(2497, 'Marcolini', NULL),
(2498, 'Marks &amp; Spencer', NULL),
(2499, 'Martell', NULL),
(2500, 'Maserati', NULL),
(2501, 'Massimo Zanetti', NULL),
(2502, 'Mastica', NULL),
(2503, 'Matebo', NULL),
(2504, 'MaxMara', NULL),
(2505, 'Maybach', NULL),
(2506, 'Media Markt &amp; Saturn', NULL),
(2507, 'Mediobanca', NULL),
(2508, 'Mega Channel', NULL),
(2509, 'Mercadona', NULL),
(2510, 'Mercedes-Benz', NULL),
(2511, 'Metaxa', NULL),
(2512, 'Meteor', NULL),
(2513, 'Metro Cash and Carry', NULL),
(2514, 'Mevgal', NULL),
(2515, 'Miele', NULL),
(2516, 'Miko', NULL),
(2517, 'Milka', NULL),
(2518, 'Minimarket', NULL),
(2519, 'Miu Miu', NULL),
(2520, 'Mobilkom Austria', NULL),
(2521, 'Mobistar', NULL),
(2522, 'Mo', NULL),
(2523, 'Moldcell', NULL),
(2524, 'Mondi', NULL),
(2525, 'Monoprix', NULL),
(2526, 'Montblanc', NULL),
(2527, 'Moretti', NULL),
(2528, 'Moschino', NULL),
(2529, 'Motta', NULL),
(2530, 'Motul', NULL),
(2531, 'Moulinex', NULL),
(2532, 'Movistar', NULL),
(2533, 'Mr. Tayto', NULL),
(2534, 'Mulino Bianco', NULL),
(2535, 'Munich Re', NULL),
(2536, 'Mytilineos', NULL),
(2537, 'Nastro Azzuro', NULL),
(2538, 'National Bank of Belgium', NULL),
(2539, 'National Grid', NULL),
(2540, 'Ncell', NULL),
(2541, 'Neoplan', NULL),
(2542, 'Nero', NULL),
(2543, 'Nescaf', NULL),
(2544, 'Nestle Pure Life', NULL),
(2545, 'Netcom', NULL),
(2546, 'Netto', NULL),
(2547, 'Neuhaus', NULL),
(2548, 'Niederegger', NULL),
(2549, 'Nina Ricci', NULL),
(2550, 'Nordea', NULL),
(2551, 'Nordica', NULL),
(2552, 'Norma', NULL),
(2553, 'Nudie Jeans', NULL),
(2554, 'Nutreco', NULL),
(2555, 'NXP Semiconductors', NULL),
(2556, 'Nykredit', NULL),
(2557, 'Odd Molly', NULL),
(2558, 'Oettinger', NULL),
(2559, 'Omega', NULL),
(2560, 'Omnitel', NULL),
(2561, 'OMO', NULL),
(2562, 'OMV', NULL),
(2563, 'Opel', NULL),
(2564, 'Orange', NULL),
(2565, 'Orval', NULL),
(2566, 'Osram', NULL),
(2567, 'Panalpina', NULL),
(2568, 'Parmalat', NULL),
(2569, 'Patek Philippe', NULL),
(2570, 'Paulaner', NULL),
(2571, 'Pavesi', NULL),
(2572, 'Pelargos', NULL),
(2573, 'Pere Dodu', NULL),
(2574, 'Perfect 1864', NULL),
(2575, 'Pernod', NULL),
(2576, 'Peroni', NULL),
(2577, 'Persil', NULL),
(2578, 'Peugeot', NULL),
(2579, 'Phillips', NULL),
(2580, 'Piaget', NULL),
(2581, 'Piratf', NULL),
(2582, 'Pirelli', NULL),
(2583, 'Pitsos', NULL),
(2584, 'Porr', NULL),
(2585, 'Praktiker', NULL),
(2586, 'President', NULL),
(2587, 'PricewaterhouseCoopers', NULL),
(2588, 'Propellerhead Software', NULL),
(2589, 'Proton Bank', NULL),
(2590, 'Proximus', NULL),
(2591, 'Pupa', NULL),
(2592, 'PwC', NULL),
(2593, 'Quantic Dream', NULL),
(2594, 'Qvale', NULL),
(2595, 'Rabobank', NULL),
(2596, 'Radeberger', NULL),
(2597, 'Raiffesien Bank', NULL),
(2598, 'Randstad', NULL),
(2599, 'RBS', NULL),
(2600, 'Real', NULL),
(2601, 'Recaro', NULL),
(2602, 'Remy Martin', NULL),
(2603, 'Repsol', NULL),
(2604, 'Rewe', NULL),
(2605, 'Ricard', NULL),
(2606, 'Riesen', NULL),
(2607, 'Ringk', NULL),
(2608, 'Rio Tinto', NULL),
(2609, 'Roberto Cavalli', NULL),
(2610, 'Rochefort', NULL),
(2611, 'Rodenbach', NULL),
(2612, 'Rolls-Royce', NULL),
(2613, 'Roma', NULL),
(2614, 'Rosneft', NULL),
(2615, 'Rowenta', NULL),
(2616, 'Royal BAM Group', NULL),
(2617, 'RTL', NULL),
(2618, 'Rummo', NULL),
(2619, 'RWE', NULL),
(2620, 'Ryanair', NULL),
(2621, 's. Pellegrino', NULL),
(2622, 's.T. Dupont', NULL),
(2623, 'sainsbury&rsquo;s', NULL),
(2624, 'saint-Gobain S.A.', NULL),
(2625, 'salt', NULL),
(2626, 'salvatore Ferragamo', NULL),
(2627, 'san Benedetto', NULL),
(2628, 'sandvik', NULL),
(2629, 'santal', NULL),
(2630, 'saracakis', NULL),
(2631, 'sarotti', NULL),
(2632, 'sAS', NULL),
(2633, 'schindler', NULL),
(2634, 'schwarzkopf', NULL),
(2635, 'scottish and Southern Energy', NULL),
(2636, 'sEAT', NULL),
(2637, 'sEB', NULL),
(2638, 'sectra', NULL),
(2639, 'selters', NULL),
(2640, 'sephora', NULL),
(2641, 'sES', NULL),
(2642, 'sF BIO', NULL),
(2643, 'sfakianakis', NULL),
(2644, 'sFR', NULL),
(2645, 'simply Market', NULL),
(2646, 'sKF', NULL),
(2647, 'sligro', NULL),
(2648, 'slimFast', NULL),
(2649, 'smartNS', NULL),
(2650, 'sNS REAAL', NULL),
(2651, 'soci', NULL),
(2652, 'sodexo', NULL),
(2653, 'sole', NULL),
(2654, 'sonera', NULL),
(2655, 'spar Group', NULL),
(2656, 'spar Nord', NULL),
(2657, 'sparco', NULL),
(2658, 'spotify', NULL),
(2659, 'standard Chartered', NULL),
(2660, 'star Channel', NULL),
(2661, 'stihl', NULL),
(2662, 'stop &amp; shop', NULL),
(2663, 'stora Enso', NULL),
(2664, 'strabag', NULL),
(2665, 'sudzucker', NULL),
(2666, 'suez Environnment', NULL),
(2667, 'svenska Handelsbanken', NULL),
(2668, 'swarovski', NULL),
(2669, 'swatch', NULL),
(2670, 'swedbank', NULL),
(2671, 'swiss Reinsurance Company Ltd', NULL),
(2672, 'sydbank', NULL),
(2673, 'syngenta', NULL),
(2674, 'T-Systems', NULL),
(2675, 'Tatyo', NULL),
(2676, 'TCell', NULL),
(2677, 'Tchibo', NULL),
(2678, 'TDC', NULL),
(2679, 'Tefal', NULL),
(2680, 'Telcel', NULL),
(2681, 'Tele3', NULL),
(2682, 'Telecom Italia Mobile', NULL),
(2683, 'Telefonica', NULL),
(2684, 'Telegraaf Media Groep', NULL),
(2685, 'Telekom Austria', NULL),
(2686, 'Telenet', NULL),
(2687, 'Telenor', NULL),
(2688, 'Telia', NULL),
(2689, 'Temax', NULL),
(2690, 'Tenaris', NULL),
(2691, 'Terinum', NULL),
(2692, 'Thales', NULL),
(2693, 'ThyssenKrupp', NULL),
(2694, 'Tiscali', NULL),
(2695, 'Tissot', NULL),
(2696, 'TKH Group', NULL),
(2697, 'TNT Express', NULL),
(2698, 'To Vima', NULL),
(2699, 'Toblerone', NULL),
(2700, 'Tom Tailor', NULL),
(2701, 'TomTom', NULL),
(2702, 'Total', NULL),
(2703, 'Track7', NULL),
(2704, 'TUI Group', NULL),
(2705, 'TV5 Monde', NULL),
(2706, 'Twingly', NULL),
(2707, 'Ucell', NULL),
(2708, 'Ulsse Nardin', NULL),
(2709, 'Ultrasone', NULL),
(2710, 'UniCredit Group', NULL),
(2711, 'Universal Music Group', NULL),
(2712, 'UPM-Kymmene', NULL),
(2713, 'USG People', NULL),
(2714, 'Vacheron Constantin', NULL),
(2715, 'Valentino', NULL),
(2716, 'Van Lanschot Baniers', NULL),
(2717, 'Varta', NULL),
(2718, 'Veolia Environment', NULL),
(2719, 'Verboden', NULL),
(2720, 'Verbund', NULL),
(2721, 'Versace', NULL),
(2722, 'Vestas', NULL),
(2723, 'Veuve Clicquot', NULL),
(2724, 'Vichy', NULL),
(2725, 'Viki', NULL),
(2726, 'Vintage 1', NULL),
(2727, 'Viohalco', NULL),
(2728, 'Virgin Atlantic', NULL),
(2729, 'Vivartia', NULL),
(2730, 'Voestalpine', NULL),
(2731, 'Volvic', NULL),
(2732, 'Vopak', NULL),
(2733, 'Waitrose', NULL),
(2734, 'Warsteiner', NULL),
(2735, 'Wavin', NULL),
(2736, 'Westmalle', NULL),
(2737, 'Westvleteren', NULL),
(2738, 'Whyred', NULL),
(2739, 'Wienerberger', NULL),
(2740, 'Wolters Kluwer', NULL),
(2741, 'X3M', NULL),
(2742, 'Yoigo', NULL),
(2743, 'Yousee', NULL),
(2744, 'Ypsilon S.A.', NULL),
(2745, 'Yves Rocher', NULL),
(2746, 'Yves Saint Laurent', NULL),
(2747, 'Zagori', NULL),
(2748, 'Zanussi', NULL),
(2749, 'Zenon S.A.', NULL),
(2750, 'ZEV Markant', NULL),
(2751, 'Zurich Cantonal Bank', NULL),
(2752, 'AB-inBev', NULL),
(2753, 'Acesita', NULL),
(2754, 'Acindar SA', NULL),
(2755, 'Aconquija Water', NULL),
(2756, 'Acsa Argentina', NULL),
(2757, 'Aerolineas Argentinas', NULL),
(2758, 'Agrale', NULL),
(2759, 'Aguas Cordobesas', NULL),
(2760, 'Alamos', NULL),
(2761, 'Altos Del Plata', NULL),
(2762, 'AmBev', NULL),
(2763, 'Am', NULL),
(2764, 'Andrade Gutierrez', NULL),
(2765, 'Antarchile', NULL),
(2766, 'Antarctica', NULL),
(2767, 'Antofagasta plc', NULL),
(2768, 'Aracruz Celulose', NULL),
(2769, 'AstralSat', NULL),
(2770, 'Avibr', NULL),
(2771, 'Azul Brazilian Airlines', NULL),
(2772, 'B2W Varejo', NULL),
(2773, 'Badan Baden', NULL),
(2774, 'Banco de Chile', NULL),
(2775, 'Banco de Galicia y Buenos Aires SA', NULL),
(2776, 'Banco de la Nacion Argentina', NULL),
(2777, 'Banco do Brasil', NULL),
(2778, 'Banco Frances SA', NULL),
(2779, 'Banco Gradesco', NULL),
(2780, 'Banco Nossa Caixa', NULL),
(2781, 'Banco Rio de la Plata SA', NULL),
(2782, 'Banco Safra', NULL),
(2783, 'Banestes', NULL),
(2784, 'Banrisul', NULL),
(2785, 'Bavaria', NULL),
(2786, 'BCI-Banco Credito', NULL),
(2787, 'Belco', NULL),
(2788, 'BHP Billiton', NULL),
(2789, 'BM&amp;F Bovespa', NULL),
(2790, 'Bob&rsquo;s', NULL),
(2791, 'Bohemia', NULL),
(2792, 'Bossa Nova', NULL),
(2793, 'Bradesco', NULL),
(2794, 'Bradespar', NULL),
(2795, 'Brahma', NULL),
(2796, 'Brasil Foods', NULL),
(2797, 'Brasil Telecom', NULL),
(2798, 'Braskem', NULL),
(2799, 'Bravox', NULL),
(2800, 'Busscar', NULL),
(2801, 'Caixa Econ', NULL),
(2802, 'Camargo Corr', NULL),
(2803, 'Caracu', NULL),
(2804, 'Casas Bahia', NULL),
(2805, 'Catena', NULL),
(2806, 'CCR', NULL),
(2807, 'Celesc', NULL),
(2808, 'Cemig', NULL),
(2809, 'Cencosud', NULL),
(2810, 'Cerpa', NULL),
(2811, 'Cerpinha', NULL),
(2812, 'CESP', NULL),
(2813, 'Choclitos', NULL),
(2814, 'Chocolates Garoto', NULL),
(2815, 'Cielo', NULL),
(2816, 'Cindor', NULL),
(2817, 'Cintra', NULL),
(2818, 'CMPC', NULL),
(2819, 'Codelco', NULL),
(2820, 'Colonia', NULL),
(2821, 'Comg', NULL),
(2822, 'Conti', NULL),
(2823, 'Copacol', NULL),
(2824, 'Copel', NULL),
(2825, 'Copesa', NULL),
(2826, 'CorpBanca', NULL),
(2827, 'Cosan', NULL),
(2828, 'CPFL', NULL),
(2829, 'Cyrela', NULL),
(2830, 'Devassa', NULL),
(2831, 'DIA', NULL),
(2832, 'Disco SA', NULL),
(2833, 'Duratex', NULL),
(2834, 'EBX Group', NULL),
(2835, 'El Mercio SAP', NULL),
(2836, 'Embraco', NULL),
(2837, 'Embratel', NULL),
(2838, 'Entel PCS', NULL),
(2839, 'Escondida', NULL),
(2840, 'Estrela', NULL),
(2841, 'Extra', NULL),
(2842, 'Fabral', NULL),
(2843, 'Falabella', NULL),
(2844, 'Fibria', NULL),
(2845, 'Finaciero', NULL),
(2846, 'Fuzion', NULL),
(2847, 'Gafisa', NULL),
(2848, 'Gerdau', NULL),
(2849, 'Global T', NULL),
(2850, 'Gol Transportes A', NULL),
(2851, 'Gradiente', NULL),
(2852, 'Grupo Folha', NULL),
(2853, 'Grupo Schincariol', NULL),
(2854, 'Guararapes', NULL),
(2855, 'Habib&rsquo;s', NULL),
(2856, 'Havainas', NULL),
(2857, 'Hering', NULL),
(2858, 'High Valley', NULL),
(2859, 'Hypermarcas', NULL),
(2860, 'Inraero', NULL),
(2861, 'Iochpe-Maxion', NULL),
(2862, 'Itaipava', NULL),
(2863, 'Ita', NULL),
(2864, 'Itautec', NULL),
(2865, 'JBS S.A.', NULL),
(2866, 'Juan Valdez Caf', NULL),
(2867, 'Jumbo', NULL),
(2868, 'Kaiser', NULL),
(2869, 'Kilsen', NULL),
(2870, 'Klabin', NULL),
(2871, 'Kronenbier', NULL),
(2872, 'LAN Airlines', NULL),
(2873, 'Lecker', NULL),
(2874, 'Libertad', NULL),
(2875, 'Lider', NULL),
(2876, 'Light', NULL),
(2877, 'Lojas Americanas', NULL),
(2878, 'Lojas Renner', NULL),
(2879, 'Lojas Riachuelo', NULL),
(2880, 'Lokal', NULL),
(2881, 'Luigi Bosca Reserve', NULL),
(2882, 'Madeco SA', NULL),
(2883, 'Magazine Lu', NULL),
(2884, 'Malta', NULL),
(2885, 'M', NULL),
(2886, 'Marcopolo', NULL),
(2887, 'Marfig', NULL),
(2888, 'Metrogames', NULL),
(2889, 'Mills Rio de la Plata SA', NULL),
(2890, 'Movicom', NULL),
(2891, 'Natura', NULL),
(2892, 'Net', NULL),
(2893, 'Norte Supermercados', NULL),
(2894, 'Norton', NULL),
(2895, 'Nova Schin', NULL),
(2896, 'O botic', NULL),
(2897, 'OceanAir', NULL),
(2898, 'Oi', NULL),
(2899, 'Pantanal Linhas A', NULL),
(2900, 'P', NULL),
(2901, 'Petrobras', NULL),
(2902, 'Pirulin', NULL),
(2903, 'Polar', NULL),
(2904, 'Ponto Frio', NULL),
(2905, 'Queiroz Galv', NULL),
(2906, 'Rede Record', NULL),
(2907, 'Redecard', NULL),
(2908, 'RedeTV!', NULL),
(2909, 'Renner', NULL),
(2910, 'Rico Linhas A', NULL),
(2911, 'Rossi Residencial', NULL),
(2912, 'sabesp', NULL),
(2913, 'santa Cerva', NULL),
(2914, 'santa Fe Provincial Water', NULL),
(2915, 'santa Isabel', NULL),
(2916, 'sBT', NULL),
(2917, 'schincoariol', NULL),
(2918, 'skol', NULL),
(2919, 'socedad Qu', NULL),
(2920, 'soprole', NULL),
(2921, 'spoler', NULL),
(2922, 'sQM', NULL),
(2923, 'suzano Papel e Celulose', NULL),
(2924, 'TAM Airlines', NULL),
(2925, 'Taurus', NULL),
(2926, 'Tectoy', NULL),
(2927, 'Telecom Argentina STET', NULL),
(2928, 'Telefonica de Argentina', NULL),
(2929, 'Telequartz', NULL),
(2930, 'Telesp', NULL),
(2931, 'Terrazas Reserva', NULL),
(2932, 'Tia Supermercados', NULL),
(2933, 'TIM', NULL),
(2934, 'Total Linhas A', NULL),
(2935, 'Transportadora de Gas del sur', NULL),
(2936, 'Trapiche Roble', NULL),
(2937, 'Troller', NULL),
(2938, 'TV Cultura', NULL),
(2939, 'TVN', NULL),
(2940, 'Ultrapar', NULL),
(2941, 'Universo Online', NULL),
(2942, 'Usiminas', NULL),
(2943, 'Vale', NULL),
(2944, 'Varig', NULL),
(2945, 'Vina Concha y Toro C.A.', NULL),
(2946, 'Vivo', NULL),
(2947, 'Votorantim', NULL),
(2948, 'VTR', NULL),
(2949, 'Water Mission', NULL),
(2950, 'WC SA', NULL),
(2951, 'WebJect Linhas A', NULL),
(2952, 'WEG Industries', NULL),
(2953, 'Xingu', NULL),
(2954, 'YPFB SA', NULL),
(2955, 'Zaffari', NULL),
(2956, '6YS', NULL),
(2957, 'AA Insurance', NULL),
(2958, 'AAA 01 Center WS', NULL),
(2959, 'ABB Grain Limited', NULL),
(2960, 'ABC Learning', NULL),
(2961, 'Ace Radio', NULL),
(2962, 'Adam Internet', NULL),
(2963, 'ADInstruments', NULL),
(2964, 'Aerogard', NULL),
(2965, 'Aeroplane Jelly', NULL),
(2966, 'Aerosonde Ltd', NULL),
(2967, 'AGL Energy', NULL),
(2968, 'Agrichar', NULL),
(2969, 'Air Australia', NULL),
(2970, 'Air New Zealand', NULL),
(2971, 'Akubra', NULL),
(2972, 'Alinta Gas', NULL),
(2973, 'Alkane Exploration', NULL),
(2974, 'Allens', NULL),
(2975, 'Alliance Group', NULL),
(2976, 'Allphones', NULL),
(2977, 'Allplastics', NULL),
(2978, 'Altium', NULL),
(2979, 'Altronics Australia', NULL),
(2980, 'Alumina Limited', NULL),
(2981, 'Amcor', NULL),
(2982, 'AMI', NULL),
(2983, 'AMP Limited', NULL),
(2984, 'ANCA', NULL),
(2985, 'Anchor', NULL),
(2986, 'Angus and Robertson', NULL),
(2987, 'Ansell', NULL),
(2988, 'Antares', NULL),
(2989, 'Anzco Foods', NULL),
(2990, 'Appliances Online', NULL),
(2991, 'Aristocrat Leisure Limited', NULL),
(2992, 'Arnotts Biscuits Holdings', NULL),
(2993, 'ASB', NULL),
(2994, 'ASX', NULL),
(2995, 'Atlas Pacific Limited', NULL),
(2996, 'Austal Ships', NULL),
(2997, 'Austar', NULL),
(2998, 'Austcorp', NULL),
(2999, 'Austereo Radio Network', NULL),
(3000, 'Australia and New Zealand Banking Group Limited (ANZ)', NULL),
(3001, 'Australia Asia Airlines', NULL),
(3002, 'Australian Agricultural Company', NULL),
(3003, 'Australian Air Express', NULL),
(3004, 'Australian Biodiesel Group Limited', NULL),
(3005, 'Australian Defence Industries', NULL),
(3006, 'Australian Ethanol Limited', NULL),
(3007, 'Australian Ethical Investment', NULL),
(3008, 'Australian Foundation Investment Company (AFI)', NULL),
(3009, 'Australian Gas Light Company', NULL),
(3010, 'Australian Healthcare Technology Limited', NULL),
(3011, 'Australian Motor Industries(AMI)', NULL),
(3012, 'Australian Portable Toilet Supplies (APTS)', NULL),
(3013, 'Australian Railroad Group', NULL),
(3014, 'Australian Securities Exchange', NULL),
(3015, 'Australian Submarine Corporation', NULL),
(3016, 'Austrend International', NULL),
(3017, 'Ausway', NULL),
(3018, 'Avexa Limited', NULL),
(3019, 'AWB Limited', NULL),
(3020, 'Babcock &amp; Brown', NULL),
(3021, 'BAE Systems Australia', NULL),
(3022, 'Bakers Delight', NULL),
(3023, 'Bank of Queensland', NULL),
(3024, 'Bean Media Group', NULL),
(3025, 'Beaurepaires', NULL),
(3026, 'Becker Entertainment', NULL),
(3027, 'Beerenberg Farm', NULL),
(3028, 'Bendigo Bank', NULL),
(3029, 'Bergstein Entertainment', NULL),
(3030, 'Berlei', NULL),
(3031, 'Big M', NULL),
(3032, 'Blackmore', NULL),
(3033, 'Bluebird Foods', NULL),
(3034, 'Bluefish Communications', NULL),
(3035, 'Bluescope', NULL),
(3036, 'Blundstone Footwear', NULL),
(3037, 'Boags Brewery', NULL),
(3038, 'Bonds', NULL),
(3039, 'Bonox', NULL),
(3040, 'Boost Juice', NULL),
(3041, 'Boral Limited', NULL),
(3042, 'Brambles Industries', NULL),
(3043, 'Breville', NULL),
(3044, 'Brisbane Capital', NULL),
(3045, 'Brisco', NULL),
(3046, 'Brown Brothers Milawa Vineyard', NULL),
(3047, 'Bubble OBill', NULL),
(3048, 'Bulla Dairy Foods', NULL),
(3049, 'Bunnings', NULL),
(3050, 'Burns, Philp &amp; Company Ltd.', NULL),
(3051, 'Cadence Capital Limited', NULL),
(3052, 'Capital Dynamics', NULL),
(3053, 'Caramello Koala', NULL),
(3054, 'Carlton &amp; United Breweries', NULL),
(3055, 'Cascade Brewery', NULL),
(3056, 'Castlemaine Perkins', NULL),
(3057, 'Cbus', NULL),
(3058, 'CCs', NULL),
(3059, 'Centro Properties Group', NULL),
(3060, 'Cheezels', NULL),
(3061, 'Chef', NULL),
(3062, 'Chemeq', NULL),
(3063, 'CHEP', NULL),
(3064, 'Chiko Roll', NULL),
(3065, 'Chorus Call Australia', NULL),
(3066, 'CityRail', NULL),
(3067, 'Clag', NULL),
(3068, 'Clarius Group', NULL),
(3069, 'Claytons', NULL),
(3070, 'Coca-Cola Amatil', NULL),
(3071, 'Cochlear Limited', NULL),
(3072, 'Cococontacts Pty Ltd', NULL),
(3073, 'Codan Limited', NULL),
(3074, 'Coles Group Lmt', NULL),
(3075, 'Commonwealth Bank', NULL),
(3076, 'Compass Resources', NULL),
(3077, 'Computershare', NULL),
(3078, 'ConnectEast', NULL),
(3079, 'Cookie Time', NULL),
(3080, 'Coon cheese', NULL),
(3081, 'Coopers Brewery', NULL),
(3082, 'Cordell Information', NULL),
(3083, 'Coruba', NULL),
(3084, 'Cottees', NULL),
(3085, 'Countdown', NULL),
(3086, 'Country Energy', NULL),
(3087, 'Crazy Johns', NULL),
(3088, 'Crown Lager', NULL),
(3089, 'Crown Limited', NULL),
(3090, 'Crown Pilsner', NULL),
(3091, 'Crumpler', NULL),
(3092, 'CSL Limited', NULL),
(3093, 'CSR Limited', NULL),
(3094, 'Dairy Farmers', NULL),
(3095, 'DaKine', NULL),
(3096, 'Darrell Lea', NULL),
(3097, 'Datacom', NULL),
(3098, 'David Jones Limited', NULL),
(3099, 'David Stubbs &amp; Partners Consulting Engineers Pty Ltd', NULL),
(3100, 'De Bortoli Wines', NULL),
(3101, 'Delta Electricity', NULL),
(3102, 'Dettol', NULL),
(3103, 'Dick Smith Electronics', NULL),
(3104, 'Dick Smith Foods', NULL),
(3105, 'Dilmah', NULL),
(3106, 'Dorf Clark Industries Limited', NULL),
(3107, 'Downer EDi', NULL),
(3108, 'Driza-Bone', NULL),
(3109, 'Dulux', NULL),
(3110, 'Dymocks', NULL),
(3111, 'Eagle Boys', NULL),
(3112, 'Effigy Press', NULL),
(3113, 'EFTel', NULL),
(3114, 'Elders IXL', NULL),
(3115, 'Element Skateboards', NULL),
(3116, 'Elfin Cars', NULL),
(3117, 'Email Limited', NULL),
(3118, 'EMQ Pty Ltd', NULL),
(3119, 'Emu Brewery', NULL),
(3120, 'Energex', NULL),
(3121, 'EnergyAustralia', NULL),
(3122, 'Engin', NULL),
(3123, 'EnviroMission', NULL),
(3124, 'Eraring Energy', NULL),
(3125, 'Ergon', NULL),
(3126, 'Ernest Adams', NULL),
(3127, 'Esanda Finance Corporation Ltd', NULL),
(3128, 'Eskimo Pie', NULL),
(3129, 'Esky', NULL),
(3130, 'Express Virtual Meetings', NULL),
(3131, 'F. Whitlock &amp; Sons Ltd', NULL),
(3132, 'Farmers', NULL),
(3133, 'Fisher &amp; Paykel', NULL),
(3134, 'Fletcher Jones', NULL),
(3135, 'Flight Centre', NULL),
(3136, 'Florigene', NULL),
(3137, 'Fonterra', NULL),
(3138, 'Foodland Supermarkets', NULL),
(3139, 'Fortescue Metals Group', NULL),
(3140, 'Fosters Lager', NULL),
(3141, 'Fosters', NULL),
(3142, 'FourN Twenty Pie', NULL),
(3143, 'Franklins', NULL),
(3144, 'Freehand Group', NULL),
(3145, 'Fresh&rsquo;n Fruity', NULL),
(3146, 'Frucor', NULL),
(3147, 'Funnelback', NULL),
(3148, 'GCP Australia Ltd', NULL),
(3149, 'Gen-i', NULL),
(3150, 'Golden Gaytime', NULL),
(3151, 'Golden North', NULL),
(3152, 'Goodman Fielder', NULL),
(3153, 'Gregg&rsquo;s', NULL),
(3154, 'Griffin&rsquo;s', NULL),
(3155, 'Grocon', NULL),
(3156, 'Gunns', NULL),
(3157, 'GWA International Limited', NULL),
(3158, 'Hahn Brewery', NULL),
(3159, 'Haighs chocolates', NULL),
(3160, 'Harcourts', NULL),
(3161, 'Harvey Norman Holdings Ltd.', NULL),
(3162, 'Health2000', NULL),
(3163, 'Healtheries', NULL),
(3164, 'Healthscope', NULL),
(3165, 'Hell Pizza', NULL),
(3166, 'Henry Jones IXL', NULL),
(3167, 'Herron', NULL),
(3168, 'HIH Insurance', NULL),
(3169, 'Hills Hoist', NULL),
(3170, 'Holden', NULL),
(3171, 'Honeysuckle Development Corporation', NULL),
(3172, 'I Love Biscuits', NULL),
(3173, 'IBENOX', NULL),
(3174, 'Iced VoVo', NULL),
(3175, 'iiNet', NULL),
(3176, 'iLANs Integrated LAN Services', NULL),
(3177, 'Incat', NULL),
(3178, 'Ingham', NULL),
(3179, 'Insurance Australia Group', NULL),
(3180, 'Intergy Consulting', NULL),
(3181, 'International Sports Clothing', NULL),
(3182, 'Internode Systems', NULL),
(3183, 'Inxmail Australia Pty Limited', NULL),
(3184, 'IOOF Funds', NULL),
(3185, 'IT Company Pty Ltd.', NULL),
(3186, 'James Hardie', NULL),
(3187, 'Jetstar', NULL),
(3188, 'Jif', NULL),
(3189, 'Jil', NULL),
(3190, 'JLeutenegger Pty Ltd', NULL),
(3191, 'John Fairfax Holdings', NULL),
(3192, 'Kangaroo Bus Lines', NULL),
(3193, 'Kapiti Fine Foods', NULL),
(3194, 'Kellogg&rsquo;s Nestle', NULL),
(3195, 'Kikki-K', NULL),
(3196, 'Kiwibank', NULL),
(3197, 'KiwiRail', NULL),
(3198, 'Kixstaart', NULL),
(3199, 'Kleenmaid', NULL),
(3200, 'L.J. Hooker', NULL),
(3201, 'Landor &amp; Hawa', NULL),
(3202, 'Latex Gloves', NULL),
(3203, 'Leading Edge Group', NULL),
(3204, 'Leighton Holdings', NULL),
(3205, 'Lend Lease Corporation', NULL),
(3206, 'Leviathan', NULL),
(3207, 'Lifestyle Clotheslines', NULL),
(3208, 'Lion Nathan', NULL),
(3209, 'LiveBackup', NULL),
(3210, 'Lolly Gobble Bliss Bombs', NULL),
(3211, 'Lowes Menswear', NULL),
(3212, 'MAB Corporation', NULL),
(3213, 'Macleans', NULL),
(3214, 'Macquarie Bank', NULL),
(3215, 'Macquarie Infrastructure Group', NULL),
(3216, 'Madrigal Shipping Lines', NULL),
(3217, 'MagiKLEEN Premium Products', NULL),
(3218, 'Mainland', NULL),
(3219, 'Malvern Star', NULL),
(3220, 'Mambo Graphics', NULL),
(3221, 'Martin Print', NULL),
(3222, 'Mary Holland Pty Limited', NULL),
(3223, 'MEA Advisory', NULL),
(3224, 'Meadow Fresh', NULL),
(3225, 'Meadow Lea', NULL),
(3226, 'MECWA', NULL),
(3227, 'Melbourne IT', NULL),
(3228, 'Metal Storm', NULL),
(3229, 'Metcash', NULL),
(3230, 'Metters', NULL),
(3231, 'MFS Limited', NULL),
(3232, 'Millenium &amp; Copthorne Hotels', NULL),
(3233, 'Milo', NULL),
(3234, 'Mine Site Technologies Pty Ltd', NULL),
(3235, 'Minties', NULL),
(3236, 'Mirvac Group', NULL),
(3237, 'Mitre 10', NULL),
(3238, 'Monsterpro MotorBikes', NULL),
(3239, 'Monte Carlo (biscuit)', NULL),
(3240, 'Mortein', NULL),
(3241, 'Mrs Macs Pies', NULL),
(3242, 'Multiplex', NULL),
(3243, 'Murrays', NULL),
(3244, 'Myer', NULL),
(3245, 'MYOB', NULL),
(3246, 'Nash Timbers', NULL),
(3247, 'National Australia Bank', NULL),
(3248, 'National Bank of NZ', NULL),
(3249, 'NCR Systems', NULL),
(3250, 'Netstarter', NULL),
(3251, 'New World', NULL),
(3252, 'Newcastle Port Corporation', NULL),
(3253, 'Newcrest Mining', NULL),
(3254, 'News Corporation', NULL),
(3255, 'Nixon Watches', NULL),
(3256, 'Nobbys', NULL),
(3257, 'Noggin IT', NULL),
(3258, 'Nomis', NULL),
(3259, 'Novogen', NULL),
(3260, 'NRMA', NULL),
(3261, 'Nufarm', NULL),
(3262, 'Nurofen', NULL),
(3263, 'NZ Post', NULL),
(3264, 'Ocean', NULL),
(3265, 'Ocean &amp; Earth', NULL),
(3266, 'Officeworks', NULL),
(3267, 'OneSteel', NULL),
(3268, 'Opal', NULL),
(3269, 'Oporto', NULL),
(3270, 'Optus', NULL),
(3271, 'Orbital Corporation Limited', NULL),
(3272, 'Orica', NULL),
(3273, 'Origin Energy', NULL),
(3274, 'Orocobre', NULL),
(3275, 'Ozinode Technologies Pte Ltd', NULL),
(3276, 'Pacific Star Network Limited', NULL),
(3277, 'Paddle Pop', NULL),
(3278, 'PAK &lsquo;n SAVE', NULL),
(3279, 'Pams', NULL),
(3280, 'Panadol', NULL),
(3281, 'Paper Plus Group', NULL),
(3282, 'Pascall', NULL),
(3283, 'Patrick Corporation', NULL),
(3284, 'Patties Bakery', NULL),
(3285, 'Pauls', NULL),
(3286, 'Payless Entertainment', NULL),
(3287, 'People Telecom', NULL),
(3288, 'Perkins Paste', NULL),
(3289, 'Peter Lehmann Wines', NULL),
(3290, 'Peters Ice Cream', NULL),
(3291, 'PicNet Pty Ltd', NULL),
(3292, 'Pine O Cleen', NULL),
(3293, 'Pineapple Lumps', NULL),
(3294, 'PIPE Networks', NULL),
(3295, 'Piping Hot (surfwear)', NULL),
(3296, 'Placemarkers', NULL),
(3297, 'Plus (cereal)', NULL),
(3298, 'Power Computers', NULL),
(3299, 'Primelife', NULL),
(3300, 'Pro-Perspective', NULL),
(3301, 'Promina Group Limited', NULL),
(3302, 'Qantas', NULL),
(3303, 'QMI Solutions Limited', NULL),
(3304, 'QR', NULL),
(3305, 'Quality Bakers', NULL),
(3306, 'Quality Clotheslines', NULL),
(3307, 'Qubix Pty Ltd', NULL),
(3308, 'Quiksilver', NULL),
(3309, 'R. M. Williams', NULL),
(3310, 'Rail Control Systems Australia', NULL),
(3311, 'Rail Infrastructure Corporation', NULL),
(3312, 'Ramsay Health Care', NULL),
(3313, 'Red Rooster', NULL),
(3314, 'Redheads', NULL),
(3315, 'Resene', NULL),
(3316, 'ResMed', NULL),
(3317, 'Retriever Communications', NULL),
(3318, 'Reynolds Stockbrokers', NULL),
(3319, 'Rinker Group', NULL),
(3320, 'Rio Tinto Group', NULL),
(3321, 'Rip Curl', NULL),
(3322, 'Rivers Australia', NULL),
(3323, 'Rover (lawnmower)', NULL),
(3324, 'Roy Morgan Research', NULL),
(3325, 'RVCA', NULL),
(3326, 'Ryman Healthcare', NULL),
(3327, 'safeport Security', NULL),
(3328, 'safety Australia', NULL),
(3329, 'samboy', NULL),
(3330, 'samby', NULL),
(3331, 'sanford', NULL),
(3332, 'sanitarium', NULL),
(3333, 'santos', NULL),
(3334, 'sAO', NULL),
(3335, 'sass &amp; bide', NULL),
(3336, 'sausage Software', NULL),
(3337, 'schweppes', NULL),
(3338, 'seamless CMS', NULL),
(3339, 'sector 9', NULL),
(3340, 'seek Limited', NULL),
(3341, 'seratec Pty Ltd', NULL),
(3342, 'sherrin', NULL),
(3343, 'shivam Technologies', NULL),
(3344, 'sidchrome', NULL),
(3345, 'sigma Company', NULL),
(3346, 'silver Fern Farms', NULL),
(3347, 'silverton Rail', NULL),
(3348, 'simpson', NULL),
(3349, 'sino Gold', NULL),
(3350, 'skycity Entertainment Group', NULL),
(3351, 'slater &amp; Gordon', NULL),
(3352, 'sME Secrets', NULL),
(3353, 'smorgon Steel', NULL),
(3354, 'snack Brands Australia', NULL),
(3355, 'snappy Tom', NULL),
(3356, 'snowy Hydro Limited', NULL),
(3357, 'southern Cross', NULL),
(3358, 'spaceframe Construction &amp; Engineering', NULL),
(3359, 'sPC Ardmona', NULL),
(3360, 'speedo International Limited', NULL),
(3361, 'speedwell bicycles', NULL),
(3362, 'splice', NULL),
(3363, 'st John', NULL),
(3364, 'st. George Bank', NULL),
(3365, 'staminade', NULL),
(3366, 'stanwell Corporation', NULL),
(3367, 'statesman', NULL),
(3368, 'steeden', NULL),
(3369, 'sticky Johnson', NULL),
(3370, 'strategic Marine', NULL),
(3371, 'streets', NULL),
(3372, 'suJon Berries', NULL),
(3373, 'sunbeam Australia', NULL),
(3374, 'suncorp-Metway', NULL),
(3375, 'sunlight', NULL),
(3376, 'swan Brewery', NULL),
(3377, 'swanndri', NULL),
(3378, 'sydney Ferries Corporation', NULL),
(3379, 'sydney Water', NULL),
(3380, 'TAA-Australian Airlines', NULL),
(3381, 'Tabcorp Holdings', NULL),
(3382, 'Tally-Ho', NULL),
(3383, 'Tangy Fruits', NULL),
(3384, 'Tarax', NULL),
(3385, 'Tarocash', NULL),
(3386, 'Tegel Foods', NULL),
(3387, 'Telstra', NULL),
(3388, 'Tenix Defence', NULL),
(3389, 'The HR Department', NULL),
(3390, 'The Warehouse', NULL),
(3391, 'Thins', NULL),
(3392, 'Three Threes', NULL),
(3393, 'Tim Tam', NULL),
(3394, 'Tiny Teddy', NULL),
(3395, 'Tip Top Bakeries', NULL),
(3396, 'TJ Maxx', NULL),
(3397, 'Toll Holdings', NULL),
(3398, 'Tooheys Brewery', NULL),
(3399, 'Tooheys Extra Dry', NULL),
(3400, 'Tooheys New', NULL),
(3401, 'Tooheys Old', NULL),
(3402, 'Tooheys Pils', NULL),
(3403, 'Total Peripherals Group', NULL),
(3404, 'Toy Kingdom', NULL),
(3405, 'TransPerth', NULL),
(3406, 'Transurban', NULL),
(3407, 'Turners &amp; Growers', NULL),
(3408, 'Tux', NULL),
(3409, 'Two Seasons', NULL),
(3410, 'UDL', NULL),
(3411, 'Ugg Boots', NULL),
(3412, 'UGL Limited', NULL),
(3413, 'Uncle Toby&rsquo;s', NULL),
(3414, 'Uplifting Solutions', NULL),
(3415, 'Vegemite', NULL),
(3416, 'Victa lawn mower', NULL),
(3417, 'Victoria Bitter', NULL),
(3418, 'Village Cinemas', NULL),
(3419, 'Village Roadshow', NULL),
(3420, 'Virgin Australia', NULL),
(3421, 'Visual Obsession', NULL),
(3422, 'Voltaren', NULL),
(3423, 'Walkabout', NULL),
(3424, 'Watti&rsquo;s', NULL),
(3425, 'Wattyl', NULL),
(3426, 'Wesfarmers', NULL),
(3427, 'Westfield Group', NULL),
(3428, 'Westnet', NULL),
(3429, 'Westpac New Zealand', NULL),
(3430, 'Whiska&rsquo;s', NULL),
(3431, 'Whittaker&rsquo;s', NULL),
(3432, 'Winfield', NULL),
(3433, 'Winning Appliances', NULL),
(3434, 'Wizz Fizz', NULL),
(3435, 'Woods Bagot', NULL),
(3436, 'Woodside Petroleum', NULL),
(3437, 'Woolworths', NULL),
(3438, 'WorleyParsons', NULL),
(3439, 'XO Interior Systems', NULL),
(3440, 'XXXX', NULL),
(3441, 'Zespri', NULL),
(3442, 'Zeta', NULL),
(3443, 'Zinifex Limited', NULL),
(3444, 'Zip Industries', NULL);

-- --------------------------------------------------------

--
-- Table structure for table `vs_coupons`
--

DROP TABLE IF EXISTS `vs_coupons`;
CREATE TABLE IF NOT EXISTS `vs_coupons` (
  `CouponID` bigint(20) NOT NULL AUTO_INCREMENT,
  `CouponItemCode` varchar(50) COLLATE utf8_unicode_ci NOT NULL,
  `CouponName` varchar(255) COLLATE utf8_unicode_ci NOT NULL,
  `CouponName2` varchar(255) COLLATE utf8_unicode_ci DEFAULT NULL,
  `CouponShortDescription` varchar(30) COLLATE utf8_unicode_ci NOT NULL,
  `CouponShortDescription2` varchar(30) COLLATE utf8_unicode_ci DEFAULT NULL,
  `CouponLongDescription` text COLLATE utf8_unicode_ci NOT NULL,
  `CouponLongDescription2` text COLLATE utf8_unicode_ci,
  `ActualPrice` double NOT NULL,
  `DescountPercentage` int(11) NOT NULL,
  `NewPrice` double NOT NULL,
  `PostDateTime` timestamp NOT NULL DEFAULT CURRENT_TIMESTAMP ON UPDATE CURRENT_TIMESTAMP,
  `ActiveDays` int(11) NOT NULL,
  `MinimumNumberOfBuyers` int(11) NOT NULL COMMENT 'What should be the mimum Number of Buyers to make the deal successfull.',
  `ActiveStatus` tinyint(4) NOT NULL DEFAULT '1',
  `StoreUserID` bigint(100) NOT NULL DEFAULT '1',
  `VSCouponsCATID` int(11) NOT NULL COMMENT 'Coupons Category ID FK from vs_coupons_categories',
  `DisplayImage` varchar(255) COLLATE utf8_unicode_ci DEFAULT 'none.jpg',
  `GallaryImage1` varchar(255) COLLATE utf8_unicode_ci DEFAULT 'none.jpg',
  `GallaryImage2` varchar(255) COLLATE utf8_unicode_ci DEFAULT 'none.jpg',
  `GallaryImage3` varchar(255) COLLATE utf8_unicode_ci DEFAULT 'none.jpg',
  `GallaryImage4` varchar(255) COLLATE utf8_unicode_ci DEFAULT 'none.jpg',
  `GallaryImage5` varchar(255) COLLATE utf8_unicode_ci DEFAULT 'none.jpg',
  `GallaryImage6` varchar(255) COLLATE utf8_unicode_ci DEFAULT 'none.jpg',
  `TargetedGroupID` int(11) NOT NULL COMMENT 'Men Woman,  Boy, Girl etc.',
  `BrandID` int(11) NOT NULL COMMENT 'Names of the Brands',
  PRIMARY KEY (`CouponID`)
) ENGINE=InnoDB DEFAULT CHARSET=utf8 COLLATE=utf8_unicode_ci COMMENT='The Coupons Will be Announce Here' AUTO_INCREMENT=1 ;

-- --------------------------------------------------------

--
-- Table structure for table `vs_coupons_categories`
--

DROP TABLE IF EXISTS `vs_coupons_categories`;
CREATE TABLE IF NOT EXISTS `vs_coupons_categories` (
  `VSCouponsCATID` int(11) NOT NULL AUTO_INCREMENT,
  `VSCouponsCategoryName` varchar(100) COLLATE utf8_unicode_ci NOT NULL,
  `VSCouponsCategoryName2` varchar(100) COLLATE utf8_unicode_ci DEFAULT NULL,
  `VSCouponsCategoryShortDescription` varchar(250) COLLATE utf8_unicode_ci DEFAULT NULL,
  `VSCouponsCategoryShortDescription2` varchar(250) COLLATE utf8_unicode_ci DEFAULT NULL,
  `VSCouponsCategoryDisplayImage` varchar(250) COLLATE utf8_unicode_ci DEFAULT NULL,
  PRIMARY KEY (`VSCouponsCATID`)
) ENGINE=InnoDB  DEFAULT CHARSET=utf8 COLLATE=utf8_unicode_ci COMMENT='Virtual Store Copuons Categoreis' AUTO_INCREMENT=14 ;

--
-- Dumping data for table `vs_coupons_categories`
--

INSERT INTO `vs_coupons_categories` (`VSCouponsCATID`, `VSCouponsCategoryName`, `VSCouponsCategoryName2`, `VSCouponsCategoryShortDescription`, `VSCouponsCategoryShortDescription2`, `VSCouponsCategoryDisplayImage`) VALUES
(1, 'Computers Copons', 'حاسب الی', 'Computers', 'حاسب الی', 'cameras.png'),
(2, 'Mobiles', 'الجوال', 'Mobiles', 'الجوال', 'cameras.png'),
(3, 'Jewellery', 'مجوهرات', 'jewellery', 'مجوهرات', 'cameras.png'),
(4, 'Cameras', 'كاميرات', 'Cameras', 'كاميرات', 'cameras.png'),
(5, 'Cars', 'السيارات', 'Cars', 'السيارات', 'cameras.png'),
(6, 'Watches', 'ساعات', 'Watches', 'ساعات', 'cameras.png'),
(7, 'Perfumes', 'العطور', 'Perfumes', 'العطور', 'cameras.png'),
(8, 'Fashion1', 'موضة', 'Fashion', 'موضة', 'cameras.png'),
(11, 'Computers', 'کمبیوتر', 'Computers', 'کمبیوتر', 'cameras.png'),
(12, 'Tablets PC', 'أقراص PC', 'Tablets PC', 'أقراص PC', NULL),
(13, 'Tablets PC', 'أقراص PC', 'Tablets PC', 'أقراص PC', 'cameras.png');

-- --------------------------------------------------------

--
-- Table structure for table `vs_customer_orders`
--

DROP TABLE IF EXISTS `vs_customer_orders`;
CREATE TABLE IF NOT EXISTS `vs_customer_orders` (
  `CustomerOrderID` bigint(20) NOT NULL AUTO_INCREMENT,
  `OrderReferenceNo` varchar(50) COLLATE utf8_unicode_ci NOT NULL COMMENT 'Unique Reference Number Manually Entered',
  `OrderTimeStamp` timestamp NOT NULL DEFAULT CURRENT_TIMESTAMP ON UPDATE CURRENT_TIMESTAMP,
  `OrderStatus` varchar(15) COLLATE utf8_unicode_ci NOT NULL DEFAULT 'PENDING' COMMENT 'PENDING/INVOICE/PAID)',
  `UserID` int(11) NOT NULL,
  PRIMARY KEY (`CustomerOrderID`),
  UNIQUE KEY `OrderReferenceNo` (`OrderReferenceNo`)
) ENGINE=MyISAM DEFAULT CHARSET=utf8 COLLATE=utf8_unicode_ci AUTO_INCREMENT=1 ;

-- --------------------------------------------------------

--
-- Table structure for table `vs_customer_order_details`
--

DROP TABLE IF EXISTS `vs_customer_order_details`;
CREATE TABLE IF NOT EXISTS `vs_customer_order_details` (
  `CODID` bigint(20) NOT NULL AUTO_INCREMENT,
  `CustomerOrderID` bigint(20) NOT NULL,
  `Quantity` int(11) NOT NULL,
  `UnitSalesPrice` double NOT NULL COMMENT 'Currency Price',
  `ItemCode` varchar(50) COLLATE utf8_unicode_ci NOT NULL COMMENT 'The Item code of the selected Item By User. This may belongs to Coupons or Virtual Stores Depends on Item Cart Type',
  `ItemCartType` varchar(50) COLLATE utf8_unicode_ci NOT NULL COMMENT 'This filed will show that this item belongs to Virtual Stores or Deals',
  PRIMARY KEY (`CODID`)
) ENGINE=InnoDB DEFAULT CHARSET=utf8 COLLATE=utf8_unicode_ci COMMENT='Purchase Order Details' AUTO_INCREMENT=1 ;

-- --------------------------------------------------------

--
-- Table structure for table `vs_customer_order_payment_details`
--

DROP TABLE IF EXISTS `vs_customer_order_payment_details`;
CREATE TABLE IF NOT EXISTS `vs_customer_order_payment_details` (
  `CustomerOrderPaymentDetailsID` bigint(20) unsigned NOT NULL AUTO_INCREMENT,
  `CustomerOrderID` bigint(20) NOT NULL,
  `FirstName` varchar(100) COLLATE utf8_unicode_ci NOT NULL,
  `LastName` varchar(100) COLLATE utf8_unicode_ci NOT NULL,
  `AddressLine1` varchar(100) COLLATE utf8_unicode_ci NOT NULL,
  `AddressLine2` varchar(100) COLLATE utf8_unicode_ci NOT NULL,
  `City` varchar(100) COLLATE utf8_unicode_ci NOT NULL,
  `CountryID` int(11) NOT NULL,
  `Phone` varchar(50) COLLATE utf8_unicode_ci NOT NULL,
  `Email` varchar(100) COLLATE utf8_unicode_ci NOT NULL,
  `CreditCardType` varchar(50) COLLATE utf8_unicode_ci NOT NULL COMMENT 'CreditCard Type such as Master, Visa, Mestro etc.',
  `CreditCardNo` varchar(50) COLLATE utf8_unicode_ci NOT NULL,
  `CreditCardSecurityCode` varchar(100) COLLATE utf8_unicode_ci NOT NULL,
  `CreditCardExpiryMonth` int(11) NOT NULL,
  `CreditCardExpiryYear` int(11) NOT NULL,
  `UserID` bigint(20) NOT NULL,
  PRIMARY KEY (`CustomerOrderPaymentDetailsID`)
) ENGINE=InnoDB DEFAULT CHARSET=utf8 COLLATE=utf8_unicode_ci COMMENT='Payment Details of a Cutomers' AUTO_INCREMENT=1 ;

-- --------------------------------------------------------

--
-- Table structure for table `vs_customer_order_shipment_details`
--

DROP TABLE IF EXISTS `vs_customer_order_shipment_details`;
CREATE TABLE IF NOT EXISTS `vs_customer_order_shipment_details` (
  `ShipmentID` bigint(20) unsigned NOT NULL AUTO_INCREMENT,
  `CustomerOrderID` bigint(20) NOT NULL,
  `FullName` varchar(100) COLLATE utf8_unicode_ci NOT NULL,
  `AddressLine1` varchar(100) COLLATE utf8_unicode_ci NOT NULL,
  `AddressLine2` varchar(100) COLLATE utf8_unicode_ci NOT NULL,
  `City` varchar(100) COLLATE utf8_unicode_ci NOT NULL,
  `CountryID` int(11) NOT NULL,
  `Phone` varchar(50) COLLATE utf8_unicode_ci NOT NULL,
  `Email` varchar(100) COLLATE utf8_unicode_ci NOT NULL,
  `CompanyNameIfAny` varchar(100) COLLATE utf8_unicode_ci NOT NULL,
  `ShipmentMethod` varchar(100) COLLATE utf8_unicode_ci NOT NULL COMMENT ' Standard (5-8 Business Days)        2 Business Days',
  `IsBusinessAddress` tinyint(4) NOT NULL DEFAULT '0',
  PRIMARY KEY (`ShipmentID`)
) ENGINE=InnoDB DEFAULT CHARSET=utf8 COLLATE=utf8_unicode_ci COMMENT='Shipment Details of a Cutomer Order' AUTO_INCREMENT=1 ;

-- --------------------------------------------------------

--
-- Table structure for table `vs_customer_payment_details`
--

DROP TABLE IF EXISTS `vs_customer_payment_details`;
CREATE TABLE IF NOT EXISTS `vs_customer_payment_details` (
  `PaymentDetailsID` bigint(20) unsigned NOT NULL AUTO_INCREMENT,
  `UserID` bigint(20) NOT NULL,
  `FirstName` varchar(100) COLLATE utf8_unicode_ci NOT NULL,
  `LastName` varchar(100) COLLATE utf8_unicode_ci NOT NULL,
  `AddressLine1` varchar(100) COLLATE utf8_unicode_ci NOT NULL,
  `AddressLine2` varchar(100) COLLATE utf8_unicode_ci NOT NULL,
  `City` varchar(100) COLLATE utf8_unicode_ci NOT NULL,
  `CountryID` int(11) NOT NULL,
  `Phone` varchar(50) COLLATE utf8_unicode_ci NOT NULL,
  `Email` varchar(100) COLLATE utf8_unicode_ci NOT NULL,
  `CreditCardType` varchar(50) COLLATE utf8_unicode_ci NOT NULL COMMENT 'Cart Type = Master, Visa , etc',
  `CreditCardNo` varchar(50) COLLATE utf8_unicode_ci NOT NULL,
  `CreditCardSecurityCode` varchar(50) COLLATE utf8_unicode_ci NOT NULL,
  `CreditCardExpiryMonth` int(11) NOT NULL COMMENT 'Number of the Month in which the Card is expiring',
  `CreditCardExpiryYear` int(11) NOT NULL COMMENT 'Year in which the card is expiring',
  PRIMARY KEY (`PaymentDetailsID`)
) ENGINE=InnoDB DEFAULT CHARSET=utf8 COLLATE=utf8_unicode_ci COMMENT='Payment Details of a Cutomers' AUTO_INCREMENT=1 ;

-- --------------------------------------------------------

--
-- Table structure for table `vs_items_category`
--

DROP TABLE IF EXISTS `vs_items_category`;
CREATE TABLE IF NOT EXISTS `vs_items_category` (
  `VSItemCATID` int(11) NOT NULL AUTO_INCREMENT COMMENT 'Items Category ID',
  `VSItemCategoryName` varchar(100) COLLATE utf8_unicode_ci NOT NULL,
  `VSItemCategoryName2` varchar(100) COLLATE utf8_unicode_ci DEFAULT NULL,
  `VSItemCategoryShortDescription` varchar(250) COLLATE utf8_unicode_ci DEFAULT NULL,
  `VSItemCategoryShortDescription2` varchar(250) COLLATE utf8_unicode_ci NOT NULL,
  `DisplayImage` varchar(255) COLLATE utf8_unicode_ci DEFAULT 'default.png',
  PRIMARY KEY (`VSItemCATID`)
) ENGINE=InnoDB  DEFAULT CHARSET=utf8 COLLATE=utf8_unicode_ci COMMENT='Virtual Store Items Categories.' AUTO_INCREMENT=16 ;

--
-- Dumping data for table `vs_items_category`
--

INSERT INTO `vs_items_category` (`VSItemCATID`, `VSItemCategoryName`, `VSItemCategoryName2`, `VSItemCategoryShortDescription`, `VSItemCategoryShortDescription2`, `DisplayImage`) VALUES
(3, 'Mobile & Accessories ', 'الجوالات والأكسسوارات', 'Mobile Phones and Accessories ', 'الجوالات والأكسسوارات', '1_091012282172967578.jpg'),
(5, 'Electronics', 'الإلكترونيات', 'Electronics and Accessories ', 'الإلكترونيات', '1_091012282171054896.jpg'),
(6, 'Women Fashion', 'موضة', 'Women Fashion and Accessories ', 'موضة', '1_091012282171299137.jpg'),
(7, 'Men Fashion ', 'أزياء الرجال', 'Men Fashion and Accessories', 'أزياء الرجال', '1_091012282174158905.jpg'),
(8, 'Health & Beauty ', 'الجمال والصحة', 'Health & Beauty ', 'الجمال والصحة', '1_091012282171261154.jpg'),
(9, 'Office & Supplies', 'مكتب واللوازم', 'Office & Supplies', 'مكتب واللوازم', '1_091012282175154885.jpg'),
(10, 'Softwares & Games ', 'البرامج و الألعاب', 'Softwares & Games ', 'البرامج و الألعاب', '1_091012282170759065.jpg'),
(11, 'Cars', 'السيارات', 'Cars', 'السيارات', '1_091012282175174433.jpg'),
(12, 'Home & Office Appliances', 'منازل ومكاتب أجهزة', 'Home & Office Appliances', 'منازل ومكاتب أجهزة', '1_091012282174570301.jpg'),
(13, 'Toy''s Kids & Baby', 'لعب الاطفال و الطفل', 'Toy''s Kids & Baby', 'لعب الاطفال و الطفل', '1_091012282175157478.jpg'),
(14, 'Sports', 'الرياضة', 'Sports', 'الرياضة', '1_091012282172736181.jpg'),
(15, 'Computers & Accessories', 'كمبيوتر وإكسسوارات ', 'Computers & Accessories', 'كمبيوتر وإكسسوارات ', '1_091012282185037312.jpg');

-- --------------------------------------------------------

--
-- Table structure for table `vs_items_main_category`
--

DROP TABLE IF EXISTS `vs_items_main_category`;
CREATE TABLE IF NOT EXISTS `vs_items_main_category` (
  `VSItemMainCATID` int(11) NOT NULL AUTO_INCREMENT COMMENT 'Items Category ID',
  `VSItemMainCategoryName` varchar(100) COLLATE utf8_unicode_ci NOT NULL,
  `VSItemMainCategoryName2` varchar(100) COLLATE utf8_unicode_ci DEFAULT NULL,
  `VSItemMainCategoryShortDescription` varchar(250) COLLATE utf8_unicode_ci DEFAULT NULL,
  `VSItemMainCategoryShortDescription2` varchar(250) COLLATE utf8_unicode_ci NOT NULL,
  `DisplayImage` varchar(255) COLLATE utf8_unicode_ci DEFAULT 'default.png',
  `VSItemCATID` int(11) NOT NULL DEFAULT '0' COMMENT 'FK from the vs_item_category',
  PRIMARY KEY (`VSItemMainCATID`)
) ENGINE=InnoDB  DEFAULT CHARSET=utf8 COLLATE=utf8_unicode_ci COMMENT='Virtual Store Items Main Categories.' AUTO_INCREMENT=62 ;

--
-- Dumping data for table `vs_items_main_category`
--

INSERT INTO `vs_items_main_category` (`VSItemMainCATID`, `VSItemMainCategoryName`, `VSItemMainCategoryName2`, `VSItemMainCategoryShortDescription`, `VSItemMainCategoryShortDescription2`, `DisplayImage`, `VSItemCATID`) VALUES
(1, 'Mobile Phones', 'الجوالات ', 'Mobile Phones', 'الجوالات ', '1_091012282185085907.jpg', 3),
(2, 'Mobile Accessories', 'الجوالات والأكسسوارات', 'Mobile Accessories', 'الجوالات والأكسسوارات', '1_091012282180046034.jpg', 3),
(3, 'Laptops', 'كمبيوتر محمول', 'Laptops', 'كمبيوتر محمول', '1_091012282184196731.jpg', 4),
(4, 'Tablets', 'جهاز لوحي', 'Tablets ', 'جهاز لوحي', '1_091012282183817469.jpg', 4),
(5, 'Printing & Scanning', 'الطباعة والمسح الضوئي ', 'Printing & Scanning', 'الطباعة والمسح الضوئي ', '1_091012282183859898.jpg', 4),
(6, 'Drivers & Storage ', 'برامج التشغيل والتخزين', 'Drivers & Storage ', 'برامج التشغيل والتخزين', '1_091012282181951974.jpg', 15),
(7, 'Display', 'عرض ', 'Display', 'عرض ', '1_091012282185720966.jpg', 15),
(8, 'Peripherals ', 'الأجهزة الطرفية', 'Peripherals ', 'الأجهزة الطرفية', '1_091012282184739642.jpg', 15),
(9, 'Networking  ', 'الشبكات', 'Networking  ', 'الشبكات', '1_091012282183479576.jpg', 15),
(10, 'Software ', 'البرمجيات', 'Software ', 'البرمجيات', '1_091012282180242024.jpg', 3),
(11, 'Accessories ', 'اكسسواراتها', 'Accessories ', 'اكسسواراتها', '1_091012282184175295.jpg', 15),
(12, 'Audio & Accessories', 'الصوت و زينة', 'Audio & Accessories', 'الصوت و زينة', '1_091012282182555994.jpg', 5),
(13, 'Video & Accessories', 'الفيديو و زينة', 'Video, Home Theater & Accessories', 'الفيديو و زينة', '1_091012282192623054.jpg', 5),
(14, 'Cameras & Photos', 'كاميرات وصور', 'Cameras & Photos', 'كاميرات وصور', '1_091012282195320095.jpg', 5),
(15, 'Home & Office Electronics', 'المنزل والمكتب إلكترونيات', 'Home & Office Electronics', 'المنزل والمكتب إلكترونيات', '1_091012282192568340.jpg', 5),
(16, 'Home Appliances & Supplies', 'أجهزة منزلية ومستلزماتها', 'Home Appliances & Supplies', 'أجهزة منزلية ومستلزماتها', '1_091012282190458978.jpg', 5),
(17, 'MP3, MP4 Players ', 'MP3, MP4 Players ', 'MP3, MP4 Players Accessories', '، MP4 MP3 اكسسوارات مشغلات ', '1_091012282191520526.jpg', 5),
(18, 'Projectors & Accessories', 'العرض و زينة', 'Projectors & Accessories', 'العرض و زينة', '1_091012282191416742.jpg', 5),
(19, 'TVs, Satellites ', 'تلفزيون', 'TVs, Satellites ', 'أجهزة التلفاز، والأقمار الصناعية', '1_091012282192741766.jpg', 5),
(20, 'Coats', 'المعاطف', 'Coats', 'المعاطف', '1_091012282193856928.jpg', 6),
(21, 'Dresses', 'ملابس', 'Dresses', 'ملابس و اكسسواراتها', '1_091012282195291436.jpg', 6),
(22, 'Blazers', 'بورتلاند', 'Blazers', 'بورتلاند', '1_091012282191218077.jpg', 6),
(23, 'Shirts', 'قمصان', 'Shirts', 'قمصان', '1_091012282194781686.jpg', 6),
(24, 'Trousers', 'بنطلون', 'Trousers', 'بنطلون', '1_091012282191813731.jpg', 6),
(25, 'Jeans', 'جينز', 'Jeans', 'جينز', '1_091012282195533005.jpg', 6),
(26, 'Skirts', 'التنانير', 'Skirts', 'التنانير', '1_091012282195654654.jpg', 7),
(27, 'Knitwear', 'تريكو', 'Knitwear', 'تريكو', '1_091012282194551988.jpg', 6),
(28, 'T-shirts', 'تي شيرت', 'T-shirts', 'تي شيرت', '1_091012282192326611.jpg', 6),
(29, 'Shoes', 'أحذية', NULL, 'أحذية', '1_091012282195242455.jpg', 6),
(30, 'Handbags', 'حقائب اليد', 'Handbags', 'حقائب اليد', '1_091012282192023697.jpg', 6),
(31, 'Accessories', 'اكسسواراتها', 'Accessories', 'اكسسواراتها', '1_091012282195738783.jpg', 6),
(32, 'Coats', 'المعاطف', 'Jackets', 'المعاطف', '1_091012282195394788.jpg', 7),
(33, 'Jackets', 'سترة', 'Jackets', 'سترة', '1_091012282193644650.jpg', 7),
(34, 'Blazers', 'بورتلاند', 'Blazers', 'بورتلاند', '1_091012282192083737.jpg', 7),
(35, 'Suits', 'الدعاوى', 'Suits', 'الدعاوى', '1_091012282195031711.jpg', 7),
(36, 'Trousers', 'بنطلون', 'Trousers', 'بنطلون', '1_091012282195031670.jpg', 7),
(37, 'Jeans', 'جينز', 'Jeans', 'جينز', '1_091012282192814735.jpg', 7),
(38, 'Shirts', 'قمصان', 'Shirts', 'قمصان', '1_091012282190695184.jpg', 7),
(39, 'T-shirts', 'تي شيرت', 'T-shirts', 'تي شيرت', '1_091012282193985042.jpg', 7),
(40, 'Knitwear', 'تريكو', 'Knitwear', 'تريكو', '1_091012282191494767.jpg', 7),
(41, 'Shoes', 'أحذية', 'Shoes', 'أحذية', '1_091012282191753396.jpg', 7),
(42, 'Bags', 'أكياس', 'Bags', 'أكياس', '1_091012282192325903.jpg', 7),
(43, 'Accessories', 'اكسسواراتها', NULL, 'اكسسواراتها', '1_091012282195350005.jpg', 7),
(44, 'Apple iPhone', 'أبل أي فون', 'Apple iPhone', 'أبل أي فون', '1_091012282203931675.jpg', 3),
(45, 'Samsung', 'سامسونج', 'Samsung', 'سامسونج', '1_091012282203634770.jpg', 3),
(46, 'HTC', 'اتش تي سي', 'HTC', 'اتش تي سي', '1_091012282201242976.jpg', 3),
(47, 'Black Berry', 'بلاك بيري', 'Black Berry', 'بلاك بيري', '1_091012282201480468.jpg', 3),
(48, 'Nokia', 'نوكيا', 'Nokia', 'نوكيا', '1_091012282204293470.jpg', 3),
(49, 'Furniture & Décor', 'الأثاث والديكور', 'Furniture & Décor', 'الأثاث والديكور', '1_091012282202892447.jpg', 12),
(50, 'Garden & Outdoor Living', 'الحديقة', 'Garden & Outdoor Living', 'الحديقة', '1_091012282200265866.jpg', 12),
(51, 'Clocks & Compasses', 'الساعات والبوصلات', 'c.	Clocks & Compasses', 'الساعات والبوصلات', '1_091012282205378206.jpg', 12),
(52, 'Home Appliances & Supplies', 'أجهزة منزلية ومستلزماتها', 'Home Appliances & Supplies', 'أجهزة منزلية ومستلزماتها', '1_091012282203694094.jpg', 12),
(53, 'Power Tools', 'أدوات كهربائية', 'Power Tools', 'أدوات كهربائية', '1_091012282201757844.jpg', 12),
(54, 'Smoking Accessories', 'التدخين زينة', 'Smoking Accessories', 'التدخين زينة', '1_091012282214616818.jpg', 12),
(55, 'Hand Tools', 'معدات يدوية', 'Hand Tools', 'معدات يدوية', '1_091012282211755601.jpg', 12),
(56, 'Barbecue Tools & Grill ', 'أدوات الشواء والشواية', 'Barbecue Tools & Grill ', 'أدوات الشواء والشواية', '1_091012282215537125.jpg', 12),
(57, 'Clothing (Kids & Baby)', 'الملابس (الأطفال والطفل)', 'Clothing (Kids & Baby)', 'الملابس (الأطفال والطفل)', '1_091012282214627406.jpg', 13),
(58, 'Toys', 'اللعب', 'Toys', 'اللعب', '1_091012282212988812.jpg', 13),
(59, 'Video Games for Kids', 'ألعاب الفيديو للأطفال', 'Video Games for Kids', 'ألعاب الفيديو للأطفال', '1_091012282211764097.jpg', 13),
(60, 'Ford 4x4', 'Ford 4x4', 'Ford 4x4', 'Ford 4x4', '1_101012283002690340.png', 11),
(61, 'Ford', 'Ford', 'Ford', 'Ford', '1_101012283002374720.png', 11);

-- --------------------------------------------------------

--
-- Table structure for table `vs_items_sub_category`
--

DROP TABLE IF EXISTS `vs_items_sub_category`;
CREATE TABLE IF NOT EXISTS `vs_items_sub_category` (
  `VSItemSubCATID` int(11) NOT NULL AUTO_INCREMENT COMMENT 'Items Main Category ID',
  `VSItemSubCategoryName` varchar(100) COLLATE utf8_unicode_ci NOT NULL,
  `VSItemSubCategoryName2` varchar(100) COLLATE utf8_unicode_ci DEFAULT NULL,
  `VSItemSubCategoryShortDescription` varchar(250) COLLATE utf8_unicode_ci DEFAULT NULL,
  `VSItemSubCategoryShortDescription2` varchar(250) COLLATE utf8_unicode_ci DEFAULT NULL,
  `DisplayImage` varchar(255) COLLATE utf8_unicode_ci DEFAULT 'default.png',
  `VSItemMainCATID` int(11) NOT NULL COMMENT 'Items Main Category ID',
  PRIMARY KEY (`VSItemSubCATID`)
) ENGINE=InnoDB  DEFAULT CHARSET=utf8 COLLATE=utf8_unicode_ci AUTO_INCREMENT=4 ;

--
-- Dumping data for table `vs_items_sub_category`
--

INSERT INTO `vs_items_sub_category` (`VSItemSubCATID`, `VSItemSubCategoryName`, `VSItemSubCategoryName2`, `VSItemSubCategoryShortDescription`, `VSItemSubCategoryShortDescription2`, `DisplayImage`, `VSItemMainCATID`) VALUES
(2, 'Nokia Lumia', 'نوكيا lumia', 'Nokia Lumai', 'نوكيا lumia', 'default.png', 48),
(3, 'Mini 4x4', 'Mini 4x4', 'Mini 4x4', 'Mini 4x4', 'default.png', 61);

-- --------------------------------------------------------

--
-- Table structure for table `vs_targetedgroup`
--

DROP TABLE IF EXISTS `vs_targetedgroup`;
CREATE TABLE IF NOT EXISTS `vs_targetedgroup` (
  `TargetedGroupID` int(11) NOT NULL AUTO_INCREMENT,
  `TargetedGroup` varchar(80) COLLATE utf8_unicode_ci NOT NULL COMMENT 'Men, Women, Girls, Boys, Everyone',
  `TargetedGroup2` varchar(80) COLLATE utf8_unicode_ci NOT NULL COMMENT 'Men, Women, Girls, Boys, Everyone',
  PRIMARY KEY (`TargetedGroupID`)
) ENGINE=InnoDB  DEFAULT CHARSET=utf8 COLLATE=utf8_unicode_ci COMMENT='Men, Women, Girls, Boys, Everyone' AUTO_INCREMENT=6 ;

--
-- Dumping data for table `vs_targetedgroup`
--

INSERT INTO `vs_targetedgroup` (`TargetedGroupID`, `TargetedGroup`, `TargetedGroup2`) VALUES
(1, 'Men', 'رجال'),
(2, 'Women', 'نساء'),
(3, 'Girls', 'بنات'),
(4, 'Boys', 'بنين'),
(5, 'Everyone', 'الجميع');

-- --------------------------------------------------------

--
-- Table structure for table `vs_users_virtual_stores_inventory`
--

DROP TABLE IF EXISTS `vs_users_virtual_stores_inventory`;
CREATE TABLE IF NOT EXISTS `vs_users_virtual_stores_inventory` (
  `VSInvItemID` bigint(20) NOT NULL AUTO_INCREMENT,
  `UserID` bigint(20) NOT NULL COMMENT 'The User ID of the Store Owner (FK from UserAccounts)',
  `VSInvItemCode` varchar(50) COLLATE utf8_unicode_ci NOT NULL,
  `VSInvItemName` varchar(50) COLLATE utf8_unicode_ci NOT NULL,
  `VSInvItemName2` varchar(50) COLLATE utf8_unicode_ci NOT NULL,
  `VSInvItemShortDescription` varchar(100) COLLATE utf8_unicode_ci NOT NULL COMMENT 'Short Description of the Item',
  `VSInvItemDescription` text COLLATE utf8_unicode_ci NOT NULL COMMENT '( FK -Unit Type)',
  `VSInvItemShortDescription2` varchar(100) COLLATE utf8_unicode_ci NOT NULL COMMENT 'Short Description of the Item2',
  `VSInvItemDescription2` text COLLATE utf8_unicode_ci NOT NULL COMMENT '( FK -Unit Type)',
  `ActualPrice` double NOT NULL DEFAULT '0' COMMENT 'Item Actual Price',
  `DescountPercentage` int(11) NOT NULL DEFAULT '0',
  `VSInvItemSalesPrice` double NOT NULL DEFAULT '0' COMMENT 'Sales Price of this Item',
  `VSStockPositionQuantity` int(11) NOT NULL DEFAULT '0',
  `VSWarningLevelStockPositionQty` int(11) NOT NULL DEFAULT '0',
  `VSItemCATID` int(11) NOT NULL COMMENT 'Category Name for this Item',
  `VSItemMainCATID` int(11) NOT NULL,
  `VSItemSubCatID` int(11) NOT NULL COMMENT 'Sub Category Name for this itme',
  `PostDateTime` timestamp NULL DEFAULT CURRENT_TIMESTAMP,
  `DisplayImage` varchar(255) COLLATE utf8_unicode_ci DEFAULT 'none.jpg',
  `GallaryImage1` varchar(255) COLLATE utf8_unicode_ci NOT NULL DEFAULT 'none.jpg' COMMENT 'The File name of the Image of the Items, which can be seen on the Online Store Web Site. Images Size Shoud be 140x90',
  `GallaryImage2` varchar(255) COLLATE utf8_unicode_ci DEFAULT 'none.jpg',
  `GallaryImage3` varchar(255) COLLATE utf8_unicode_ci DEFAULT 'none.jpg',
  `GallaryImage4` varchar(255) COLLATE utf8_unicode_ci DEFAULT 'none.jpg',
  `GallaryImage5` varchar(255) COLLATE utf8_unicode_ci DEFAULT 'none.jpg',
  `GallaryImage6` varchar(255) COLLATE utf8_unicode_ci DEFAULT 'none.jpg',
  `TargetedGroupID` int(11) NOT NULL COMMENT 'Men, Women, Girls, Boys, Everyone',
  `BrandID` int(11) NOT NULL DEFAULT '1' COMMENT 'Name of the Brand of the Item',
  PRIMARY KEY (`VSInvItemID`)
) ENGINE=MyISAM  DEFAULT CHARSET=utf8 COLLATE=utf8_unicode_ci COMMENT='Inventory Items' AUTO_INCREMENT=3 ;

--
-- Dumping data for table `vs_users_virtual_stores_inventory`
--

INSERT INTO `vs_users_virtual_stores_inventory` (`VSInvItemID`, `UserID`, `VSInvItemCode`, `VSInvItemName`, `VSInvItemName2`, `VSInvItemShortDescription`, `VSInvItemDescription`, `VSInvItemShortDescription2`, `VSInvItemDescription2`, `ActualPrice`, `DescountPercentage`, `VSInvItemSalesPrice`, `VSStockPositionQuantity`, `VSWarningLevelStockPositionQty`, `VSItemCATID`, `VSItemMainCATID`, `VSItemSubCatID`, `PostDateTime`, `DisplayImage`, `GallaryImage1`, `GallaryImage2`, `GallaryImage3`, `GallaryImage4`, `GallaryImage5`, `GallaryImage6`, `TargetedGroupID`, `BrandID`) VALUES
(1, 1, 'dd', 'gggg', 'gggg', 'ggggg', 'gggg', 'gg', 'gggg', 33, 33, 33, 33, 33, 11, 61, 3, '2012-10-09 21:39:23', '1_101012283002360582.jpg', '1_101012283002329996.jpg', '1_101012283002311466.jpg', '1_101012283002368055.jpg', '1_101012283002329321.jpg', '1_101012283002350341.jpg', '1_101012283002334632.jpg', 5, 618),
(2, 1, 'FFC1', 'Ford Car', 'Ford Car', 'Ford Car', 'Ford Car', 'Ford Car', 'Ford Car', 2333, 12, 222, 12, 1, 11, 61, 3, '2012-10-10 06:30:48', '1_101012283094859733.jpg', '1_101012283094849948.jpg', '1_101012283094848703.jpg', '1_101012283094828263.jpg', '1_101012283094854470.jpg', '1_101012283094881882.jpg', '1_101012283094823909.jpg', 5, 618);

/*!40101 SET CHARACTER_SET_CLIENT=@OLD_CHARACTER_SET_CLIENT */;
/*!40101 SET CHARACTER_SET_RESULTS=@OLD_CHARACTER_SET_RESULTS */;
/*!40101 SET COLLATION_CONNECTION=@OLD_COLLATION_CONNECTION */;
